{
  "properties": {
    "connectionReferences": {
      "shared_commondataserviceforapps": {
        "runtimeSource": "embedded",
        "connection": {
          "connectionReferenceLogicalName": "new_sharedcommondataserviceforapps_8e21e"
        },
        "api": {
          "name": "shared_commondataserviceforapps"
        }
      },
      "shared_commondataserviceforapps_1": {
        "runtimeSource": "embedded",
        "connection": {
          "connectionReferenceLogicalName": "new_sharedcommondataserviceforapps_48839"
        },
        "api": {
          "name": "shared_commondataserviceforapps"
        }
      }
    },
    "definition": {
      "$schema": "https://schema.management.azure.com/providers/Microsoft.Logic/schemas/2016-06-01/workflowdefinition.json#",
      "contentVersion": "1.0.0.0",
      "parameters": {
        "$connections": {
          "defaultValue": {},
          "type": "Object"
        },
        "$authentication": {
          "defaultValue": {},
          "type": "SecureObject"
        }
      },
      "triggers": {
        "manual": {
          "metadata": {
            "operationMetadataId": "1c7e858b-381e-4dbf-91bf-672959b81b12"
          },
          "type": "Request",
          "kind": "PowerAppV2",
          "inputs": {
            "schema": {
              "type": "object",
              "properties": {},
              "required": []
            }
          }
        }
      },
      "actions": {
        "List_rows_Incidents": {
          "runAfter": {},
          "metadata": {
            "operationMetadataId": "9c704bdf-eeb8-4c38-8227-3c3b301f7887"
          },
          "type": "OpenApiConnection",
          "inputs": {
            "host": {
              "connectionName": "shared_commondataserviceforapps",
              "operationId": "ListRecords",
              "apiId": "/providers/Microsoft.PowerApps/apis/shared_commondataserviceforapps"
            },
            "parameters": {
              "entityName": "cr3ff_be_incidents"
            },
            "authentication": "@parameters('$authentication')"
          }
        },
        "Apply_to_each": {
          "foreach": "@outputs('List_rows_Incidents')?['body/value']",
          "actions": {
            "Delete_a_row": {
              "runAfter": {},
              "metadata": {
                "operationMetadataId": "db989fac-0219-4f6e-a4ef-e470e0db25f0"
              },
              "type": "OpenApiConnection",
              "inputs": {
                "host": {
                  "connectionName": "shared_commondataserviceforapps",
                  "operationId": "DeleteRecord",
                  "apiId": "/providers/Microsoft.PowerApps/apis/shared_commondataserviceforapps"
                },
                "parameters": {
                  "entityName": "cr3ff_be_incidents",
                  "recordId": "@items('Apply_to_each')?['cr3ff_be_incidentid']"
                },
                "authentication": "@parameters('$authentication')"
              }
            }
          },
          "runAfter": {
            "List_rows_Incidents": [
              "Succeeded"
            ]
          },
          "metadata": {
            "operationMetadataId": "55aef48e-272d-4ac6-95e8-b97db2d6509c"
          },
          "type": "Foreach"
        },
        "List_rows_Incident_Headers": {
          "runAfter": {
            "Apply_to_each": [
              "Succeeded"
            ]
          },
          "metadata": {
            "operationMetadataId": "696be985-d731-4bc4-bc35-ea13e4597765"
          },
          "type": "OpenApiConnection",
          "inputs": {
            "host": {
              "connectionName": "shared_commondataserviceforapps_1",
              "operationId": "ListRecords",
              "apiId": "/providers/Microsoft.PowerApps/apis/shared_commondataserviceforapps"
            },
            "parameters": {
              "entityName": "cr3ff_be_incident_headers"
            },
            "authentication": "@parameters('$authentication')"
          }
        },
        "Apply_to_each_3": {
          "foreach": "@outputs('List_rows_Incident_Headers')?['body/value']",
          "actions": {
            "Delete_a_row_2": {
              "runAfter": {},
              "metadata": {
                "operationMetadataId": "87840417-adb5-467c-9a8e-0c07bc7bea6e"
              },
              "type": "OpenApiConnection",
              "inputs": {
                "host": {
                  "connectionName": "shared_commondataserviceforapps_1",
                  "operationId": "DeleteRecord",
                  "apiId": "/providers/Microsoft.PowerApps/apis/shared_commondataserviceforapps"
                },
                "parameters": {
                  "entityName": "cr3ff_be_incident_headers",
                  "recordId": "@items('Apply_to_each_3')?['cr3ff_be_incident_headerid']"
                },
                "authentication": "@parameters('$authentication')"
              }
            }
          },
          "runAfter": {
            "List_rows_Incident_Headers": [
              "Succeeded"
            ]
          },
          "metadata": {
            "operationMetadataId": "5e3d0b89-b9d9-4bf4-b3f8-87e51a11f3ec"
          },
          "type": "Foreach"
        },
        "List_rows_Transactions": {
          "runAfter": {
            "Apply_to_each_3": [
              "Succeeded"
            ]
          },
          "metadata": {
            "operationMetadataId": "d2c699ed-9e6e-46b3-b46e-56c1f3e068a2"
          },
          "type": "OpenApiConnection",
          "inputs": {
            "host": {
              "connectionName": "shared_commondataserviceforapps_1",
              "operationId": "ListRecords",
              "apiId": "/providers/Microsoft.PowerApps/apis/shared_commondataserviceforapps"
            },
            "parameters": {
              "entityName": "cr3ff_be_incident_transactions"
            },
            "authentication": "@parameters('$authentication')"
          }
        },
        "Apply_to_each_2": {
          "foreach": "@outputs('List_rows_Transactions')?['body/value']",
          "actions": {
            "Delete_a_row_3": {
              "runAfter": {},
              "metadata": {
                "operationMetadataId": "0bfd9477-44ce-436b-8fbd-42dc049d4634"
              },
              "type": "OpenApiConnection",
              "inputs": {
                "host": {
                  "connectionName": "shared_commondataserviceforapps_1",
                  "operationId": "DeleteRecord",
                  "apiId": "/providers/Microsoft.PowerApps/apis/shared_commondataserviceforapps"
                },
                "parameters": {
                  "entityName": "cr3ff_be_incident_transactions",
                  "recordId": "@items('Apply_to_each_2')?['cr3ff_be_incident_transactionid']"
                },
                "authentication": "@parameters('$authentication')"
              }
            }
          },
          "runAfter": {
            "List_rows_Transactions": [
              "Succeeded"
            ]
          },
          "metadata": {
            "operationMetadataId": "fbe0fdc6-204c-453f-a16e-566842b2f82d"
          },
          "type": "Foreach"
        }
      }
    },
    "templateName": ""
  },
  "schemaVersion": "1.0.0.0"
}