{
  "properties": {
    "connectionReferences": {
      "shared_commondataserviceforapps": {
        "runtimeSource": "embedded",
        "connection": {
          "connectionReferenceLogicalName": "new_sharedcommondataserviceforapps_8e21e"
        },
        "api": {
          "name": "shared_commondataserviceforapps"
        }
      },
      "shared_onedriveforbusiness": {
        "runtimeSource": "embedded",
        "connection": {
          "connectionReferenceLogicalName": "new_sharedonedriveforbusiness_94d10"
        },
        "api": {
          "name": "shared_onedriveforbusiness"
        }
      },
      "shared_office365": {
        "runtimeSource": "embedded",
        "connection": {
          "connectionReferenceLogicalName": "new_sharedoffice365_2005e"
        },
        "api": {
          "name": "shared_office365"
        }
      }
    },
    "definition": {
      "$schema": "https://schema.management.azure.com/providers/Microsoft.Logic/schemas/2016-06-01/workflowdefinition.json#",
      "contentVersion": "undefined",
      "parameters": {
        "$connections": {
          "defaultValue": {},
          "type": "Object"
        },
        "$authentication": {
          "defaultValue": {},
          "type": "SecureObject"
        }
      },
      "triggers": {
        "manual": {
          "metadata": {
            "operationMetadataId": "dd288509-b3d2-4bd3-9f57-b35b8efacefd"
          },
          "type": "Request",
          "kind": "PowerAppV2",
          "inputs": {
            "schema": {
              "type": "object",
              "properties": {},
              "required": []
            }
          }
        }
      },
      "actions": {
        "List_rows_EVENTS": {
          "runAfter": {},
          "metadata": {
            "operationMetadataId": "1ac0e6d4-b6f8-4f0b-9bbc-8182b61f3d54"
          },
          "type": "OpenApiConnection",
          "inputs": {
            "host": {
              "connectionName": "shared_commondataserviceforapps",
              "operationId": "ListRecords",
              "apiId": "/providers/Microsoft.PowerApps/apis/shared_commondataserviceforapps"
            },
            "parameters": {
              "entityName": "cr3ff_be_events",
              "$filter": "cr3ff_eventstatus eq 'Queued'"
            },
            "authentication": "@parameters('$authentication')"
          }
        },
        "Initialize_variable_INVOICE_ARRAY": {
          "runAfter": {
            "List_rows_EVENTS": [
              "Succeeded"
            ]
          },
          "metadata": {
            "operationMetadataId": "b308e24b-6acc-453f-a7f7-19f210a5bdd0"
          },
          "type": "InitializeVariable",
          "inputs": {
            "variables": [
              {
                "name": "InvoiceArray",
                "type": "array"
              }
            ]
          }
        },
        "Initialize_variable_INVOICE_ITEMS_ARRAY": {
          "runAfter": {
            "Initialize_variable_INVOICE_ARRAY": [
              "Succeeded"
            ]
          },
          "metadata": {
            "operationMetadataId": "6f304538-3a2a-43c8-9fa0-dfe2a79efdea"
          },
          "type": "InitializeVariable",
          "inputs": {
            "variables": [
              {
                "name": "InvoiceItemArray",
                "type": "array"
              }
            ]
          }
        },
        "Initialize_variable_HTML": {
          "runAfter": {
            "Initialize_variable_FILENAME": [
              "Succeeded"
            ]
          },
          "metadata": {
            "operationMetadataId": "9196860a-e219-4c30-8871-612aaac83fc4"
          },
          "type": "InitializeVariable",
          "inputs": {
            "variables": [
              {
                "name": "HTML",
                "type": "string"
              }
            ]
          }
        },
        "Initialize_variable_INVOICE_EVENT_ARRAY": {
          "runAfter": {
            "Initialize_variable_INVOICE_ITEMS_ARRAY": [
              "Succeeded"
            ]
          },
          "metadata": {
            "operationMetadataId": "8314b9d6-e847-479d-80eb-ee190c0ed013"
          },
          "type": "InitializeVariable",
          "inputs": {
            "variables": [
              {
                "name": "InvoiceEventArray",
                "type": "array"
              }
            ]
          }
        },
        "Initialize_variable_FILENAME": {
          "runAfter": {
            "Initialize_variable_INVOICE_EVENT_ARRAY": [
              "Succeeded"
            ]
          },
          "metadata": {
            "operationMetadataId": "15505315-df4a-4782-a52a-8978527a624e"
          },
          "type": "InitializeVariable",
          "inputs": {
            "variables": [
              {
                "name": "FileName",
                "type": "string",
                "value": "@{guid()}"
              }
            ]
          }
        },
        "Apply_to_each_EVENT": {
          "foreach": "@outputs('List_rows_EVENTS')?['body/value']",
          "actions": {
            "List_BE_EVENT_INVOICES": {
              "runAfter": {},
              "metadata": {
                "operationMetadataId": "21a65b23-538b-4e0c-84e0-eb112d8e38bb"
              },
              "type": "OpenApiConnection",
              "inputs": {
                "host": {
                  "connectionName": "shared_commondataserviceforapps",
                  "operationId": "ListRecords",
                  "apiId": "/providers/Microsoft.PowerApps/apis/shared_commondataserviceforapps"
                },
                "parameters": {
                  "entityName": "cr3ff_be_event_invoices"
                },
                "authentication": "@parameters('$authentication')"
              }
            },
            "Set_variable_INVOICE_EVENT_ARRAY": {
              "runAfter": {
                "List_BE_EVENT_INVOICES": [
                  "Succeeded"
                ]
              },
              "metadata": {
                "operationMetadataId": "7107101b-c42b-46c7-b4ab-f4cdace64106"
              },
              "type": "SetVariable",
              "inputs": {
                "name": "InvoiceEventArray",
                "value": "@outputs('List_BE_EVENT_INVOICES')?['body/value']"
              }
            },
            "Apply_to_each": {
              "foreach": "@outputs('List_BE_EVENT_INVOICES')?['body/value']",
              "actions": {
                "Condition": {
                  "actions": {
                    "Apply_to_each_EVENT_INVOICE": {
                      "foreach": "@outputs('List_BE_EVENT_INVOICES')?['body/value']",
                      "actions": {
                        "List_rows_INVOICES": {
                          "runAfter": {},
                          "metadata": {
                            "operationMetadataId": "5c26fb61-8af0-4eb4-bf7e-6542fb2b3220"
                          },
                          "type": "OpenApiConnection",
                          "inputs": {
                            "host": {
                              "connectionName": "shared_commondataserviceforapps",
                              "operationId": "ListRecords",
                              "apiId": "/providers/Microsoft.PowerApps/apis/shared_commondataserviceforapps"
                            },
                            "parameters": {
                              "entityName": "cr3ff_be_invoices",
                              "$filter": "cr3ff_approvalstatus eq 'Approved' and cr3ff_be_invoiceid eq @{items('Apply_to_each_EVENT_INVOICE')?['_cr3ff_invoiceid_value']}"
                            },
                            "authentication": "@parameters('$authentication')"
                          }
                        },
                        "Apply_to_each_INVOICE": {
                          "foreach": "@outputs('List_rows_INVOICES')?['body/value']",
                          "actions": {
                            "List_rows_INVOICE_ITEMS": {
                              "runAfter": {},
                              "metadata": {
                                "operationMetadataId": "6a1eb259-7c4d-478c-ad52-57a49e5cc67e"
                              },
                              "type": "OpenApiConnection",
                              "inputs": {
                                "host": {
                                  "connectionName": "shared_commondataserviceforapps",
                                  "operationId": "ListRecords",
                                  "apiId": "/providers/Microsoft.PowerApps/apis/shared_commondataserviceforapps"
                                },
                                "parameters": {
                                  "entityName": "cr3ff_be_invoiceitems",
                                  "$filter": "_cr3ff_lookupinvoiceid_value eq @{items('Apply_to_each_INVOICE')?['cr3ff_be_invoiceid']}"
                                },
                                "authentication": "@parameters('$authentication')"
                              }
                            },
                            "Set_variable_INVOICE_ITEMS": {
                              "runAfter": {
                                "List_rows_INVOICE_ITEMS": [
                                  "Succeeded"
                                ]
                              },
                              "metadata": {
                                "operationMetadataId": "6b1a0224-14ad-45f0-aa32-759e10a30ecb"
                              },
                              "type": "SetVariable",
                              "inputs": {
                                "name": "InvoiceItemArray",
                                "value": "@outputs('List_rows_INVOICE_ITEMS')?['body/value']"
                              }
                            },
                            "Set_variable_HTML": {
                              "runAfter": {
                                "Apply_to_each_INVOICE_ITEM": [
                                  "Succeeded"
                                ]
                              },
                              "metadata": {
                                "operationMetadataId": "5583dff5-06e5-4f89-8437-b3b568162653"
                              },
                              "type": "SetVariable",
                              "inputs": {
                                "name": "HTML",
                                "value": "<!DOCTYPE html>\n<html lang=\"en\">\n<head>\n    <meta http-equiv=\"Content-Type\" content=\"text/html; charset=utf-8\">\n    <title>INVOICE 1</title>\n\n    <style>\n        html,\n        body {\n        height: 842px;\n        width: 595px;\n        /* to centre page on screen*/\n        margin-left: auto;\n        margin-right: auto;\n        font-family: calibri;\n\t\t\n        }\n        h1,h2,h3,h4,h5,h6,p,span,label {\n            font-family: calibri;\n        }\n        \n        table {\n            width: 520px;\n            border-collapse: collapse;\n            margin-bottom: 0px !important;\n        }\n        table thead th {\n            height: 28px;\n            text-align: left;\n            font-size: 20px;\n            font-family: sans-serif;\n\t\t\t\n        }\n        table, th, td {\n            border: 1px solid #ddd;\n            padding: 5px;\n            font-size: 11px;\n        }\n\n        .heading {\n            font-size: 24px;\n            margin-top: 12px;\n            margin-bottom:12px;\n            font-family: calibri;\n\t\t\t\n        }\n        .small-heading {\n            font-size: 12px;\n            font-family: calibri;\n        }\n        .total-heading {\n            font-size: 12px;\n            font-weight: 700;\n            font-family: calibri;\n        }\n        .order-details tbody tr td:nth-child(1) {\n            width: 20%;\n        }\n        .order-details tbody tr td:nth-child(3) {\n            width: 20%;\n        }\n\n        .text-start {\n            text-align: left;\n        }\n        .text-end {\n            text-align: right;\n        }\n        .text-center {\n            text-align: center;\n        }\n        .company-data span {\n            margin-bottom: 4px;\n            display: inline-block;\n            font-family: calibri;\n            font-size: 12px;\n            font-weight: 400;\n        }\n        .no-border {\n            border: 1px solid #fff !important;\n        }\n        .bg-back {\n            background-color: #ffffff;\n            color: #aaa;\n        }\n        .footer {\n\t\t\tpadding: 3px;\n\t\t\tfont-family: calibri;\n            font-size: 10px;\n            font-weight: 200;\n\t\t}\n    </style>\n</head>\n<body>\n<table class=\"order-details\">\n<thead>\n<tr>\n<th width=\"50%\" colspan=\"2\">\n<h2 class=\"text-start\">INVOICE</h2>\n</th>\n<th class=\"text-end\" width=\"50%\" colspan=\"2\">\n<img width=\"180px\" src=\"file:///C:/Users/dharvey2/Downloads/motor-assist__logo-dark.svg\" alt=\"MotorAssist\" /></h2></span>\n</th>\n</tr>\n<tr>\n<th width=\"50%\" colspan=\"2\" class=\"text-start company-data\">\n<span>Invoice No: @{items('Apply_to_each_INVOICE')?['cr3ff_invoiceid']}</span>\n<span>Date: @{items('Apply_to_each_INVOICE')?['cr3ff_invoicedate']}</span>\n</th>\n</tr>\n<tr class=\"bg-back\">\n<th width=\"50%\" colspan=\"2\">Order Details</th>\n<th width=\"50%\" colspan=\"2\">User Details</th>\n</tr>\n</thead>\n<tbody>\n<tr>\n<td>To:</td>\n<td>@{items('Apply_to_each_INVOICE')?['cr3ff_customername']}</td>\n <td>Contact:</td>\n<td>@{items('Apply_to_each_INVOICE')?['cr3ff_billingaddressrecipient']}</td>\n</tr>\n<tr>\n<td style=\"vertical-align:top\">Address:</td>\n<td>@{items('Apply_to_each_INVOICE')?['cr3ff_billingaddress']}<br>\n@{items('Apply_to_each_INVOICE')?['cr3ff_billingaddresscontactemail']}<br>\n@{items('Apply_to_each_INVOICE')?['cr3ff_billingaddress2']}<br>\n@{items('Apply_to_each_INVOICE')?['cr3ff_billingaddress3']}<br>\n@{items('Apply_to_each_INVOICE')?['cr3ff_billingaddress4']}<br>\n@{items('Apply_to_each_INVOICE')?['cr3ff_billingaddresspostcode']}</td>\n<td style=\"vertical-align:top\">Email:</td>\n<td style=\"vertical-align:top\">@{items('Apply_to_each_INVOICE')?['cr3ff_customeraddresscontactemail']}</td>\n</tr>\n</tbody>\n</table>\n<br>\n<table>\n<thead>\n<tr class=\"bg-back\">\n<th class=\"text-start\" colspan=\"6\">Order Items</th>\n</tr>\n<tr class=\"text-center\">\n<td class=\"total-heading\" width=\"5%\">VRM</td>\n<td class=\"total-heading\" width=\"5%\">INCIDENT</td>\n<td class=\"total-heading\" width=\"25%\">DESCRIPTION</td>\n<td class=\"total-heading\" width=\"10%\">QTY</td>\n<td class=\"total-heading\" width=\"10%\">TAX</td>\n<td class=\"total-heading\" width=\"10%\" >AMOUNT</td>\n</tr>\n</thead>\n@{variables('Items HTML')}\n<tbody>       \n<tr class=\"text-end\">\n<td colspan=\"4\" class=\"total-heading\"></td>\n<td class=\"total-heading\">Sub Total</td>\n<td class=\"total-heading\">@{formatNumber(float(items('Apply_to_each_INVOICE')?['cr3ff_subtotal']), '£###,###,##0.00', 'en-GB')}</td>\n</tr>\n<tr class=\"text-end\">\n<td colspan=\"4\" class=\"total-heading\"></td>\n<td class=\"total-heading\">VAT Total</td>\n<td class=\"total-heading\">@{formatNumber(float(items('Apply_to_each_INVOICE')?['cr3ff_totaltax']), '£###,###,##0.00', 'en-GB')}</td>\n</tr>\n<tr class=\"text-end\">\n<td colspan=\"4\" class=\"total-heading\"></td>\n<td class=\"total-heading\">Invoice Total</td>\n<td class=\"total-heading\">@{formatNumber(float(items('Apply_to_each_INVOICE')?['cr3ff_invoicetotal']), '£###,###,##0.00', 'en-GB')}</td>\n</tr>\n</tbody> \n</table>\n<br>\n<table>\n<tr class=\"text-start\">\n<td  class=\"total-heading\" width=\"50%\">Notes\n</td>\n<td width=\"50%\" class=\"text-end company-data\"></td>\n</tr>\n<tr class=\"text-start\">\n<td  class=\"total-heading\" width=\"50%\">VAT Number</td>\n<td width=\"50%\" class=\"text-end company-data\">@{items('Apply_to_each_INVOICE')?['cr3ff_vendortaxid']}</td>\n</tr>\n</table>\n\n<table>\n<tr class=\"text-center footer\">\n<td colspan=\"2\"><small>Accident Exchange Limited trading as AX | Registered in England 04141140  t:03700 166 720 f:03700 116 725 e:info@ax-uk.com w:ax-uk.com</small></td>\n</tr>\n<tr class=\"text-center footer\">\n<td colspan=\"2\"><small>Registered Office | Unit 2 | Liberty Park | Burton Old Road | Lichfield | Staffordshire | WS14 9HY</small></td>\n</tr>\n<tr class=\"text-center footer\">\n<td class=\"text-end\"><small>BVRLA Accident Exchange Limited is a member of the British Vehicle Rental and Leasing Association</small></td>\n<td class=\"text-start\"><small>Accident Exchange Limited is authorised and regulated by the Financial Conduct Authority (FRN 836357)</small></td>\n</tr>\n</table>\n</body>\n</html>"
                              }
                            },
                            "Apply_to_each_INVOICE_ITEM": {
                              "foreach": "@outputs('List_rows_INVOICE_ITEMS')?['body/value']",
                              "actions": {
                                "Set_variable_2": {
                                  "runAfter": {},
                                  "metadata": {
                                    "operationMetadataId": "00b17565-38bc-4679-9479-87a68cd5b62a"
                                  },
                                  "type": "SetVariable",
                                  "inputs": {
                                    "name": "Temp HTML",
                                    "value": "<tr>\n                <td class=\"text-center\" >@{items('Apply_to_each_INVOICE_ITEM')?['cr3ff_vrn']}</td>\n                <td class=\"text-center\" >@{items('Apply_to_each_INVOICE_ITEM')?['cr3ff_incidentreference']}</td>\n                <td class=\"text-center\" >@{items('Apply_to_each_INVOICE_ITEM')?['cr3ff_description']}</td>\n                <td class=\"text-end\">1</td>\n                <td class=\"text-end\">@{formatNumber(float(items('Apply_to_each_INVOICE_ITEM')?['cr3ff_tax_base']), '£###,###,##0.00', 'en-GB')}</td>\n                <td class=\"text-end\"  class=\"fw-bold\">@{formatNumber(float(items('Apply_to_each_INVOICE_ITEM')?['cr3ff_amount_base']), '£###,###,##0.00', 'en-GB')}</td>\n </tr>"
                                  }
                                },
                                "Set_variable_3": {
                                  "runAfter": {
                                    "Set_variable_2": [
                                      "Succeeded"
                                    ]
                                  },
                                  "metadata": {
                                    "operationMetadataId": "94ffb525-efef-4529-ad3e-899f034926ab"
                                  },
                                  "type": "SetVariable",
                                  "inputs": {
                                    "name": "Items HTML",
                                    "value": "@{concat(variables('Temp HTML'),variables('Final Items HTML'))}"
                                  }
                                },
                                "Set_variable_4": {
                                  "runAfter": {
                                    "Set_variable_3": [
                                      "Succeeded"
                                    ]
                                  },
                                  "metadata": {
                                    "operationMetadataId": "6f81a1fe-1d0c-4035-9c56-b5db5a0af5ac"
                                  },
                                  "type": "SetVariable",
                                  "inputs": {
                                    "name": "Final Items HTML",
                                    "value": "@variables('Items HTML')"
                                  }
                                }
                              },
                              "runAfter": {
                                "Set_variable_INVOICE_ITEMS": [
                                  "Succeeded"
                                ]
                              },
                              "metadata": {
                                "operationMetadataId": "944ec2a3-2013-4853-a223-b029f77f7e14"
                              },
                              "type": "Foreach"
                            }
                          },
                          "runAfter": {
                            "Set_variable_INVOICE_ARRAY": [
                              "Succeeded"
                            ]
                          },
                          "metadata": {
                            "operationMetadataId": "e0cafe2d-a882-4e63-8037-a906ecd1cc6f"
                          },
                          "type": "Foreach"
                        },
                        "Set_variable_INVOICE_ARRAY": {
                          "runAfter": {
                            "List_rows_INVOICES": [
                              "Succeeded"
                            ]
                          },
                          "metadata": {
                            "operationMetadataId": "a5503ef8-0d33-4335-81de-05402c07cfde"
                          },
                          "type": "SetVariable",
                          "inputs": {
                            "name": "InvoiceArray",
                            "value": "@outputs('List_rows_INVOICES')?['body/value']"
                          }
                        }
                      },
                      "runAfter": {},
                      "metadata": {
                        "operationMetadataId": "e621efaa-af34-419f-8d2c-8a9bff2e1052"
                      },
                      "type": "Foreach"
                    },
                    "Compose_HTML": {
                      "runAfter": {
                        "Apply_to_each_EVENT_INVOICE": [
                          "Succeeded"
                        ]
                      },
                      "metadata": {
                        "operationMetadataId": "0d788c5f-3abe-4116-8e7b-7911116821f5"
                      },
                      "type": "Compose",
                      "inputs": "@variables('HTML')"
                    },
                    "Apply_to_each_EVENTS": {
                      "foreach": "@outputs('List_rows_EVENTS')?['body/value']",
                      "actions": {
                        "Create_file_2": {
                          "runAfter": {
                            "Set_variable": [
                              "Succeeded"
                            ]
                          },
                          "metadata": {
                            "operationMetadataId": "7a4c6855-1ee9-4296-a213-c30f826c2d44"
                          },
                          "type": "OpenApiConnection",
                          "inputs": {
                            "host": {
                              "connectionName": "shared_onedriveforbusiness",
                              "operationId": "CreateFile",
                              "apiId": "/providers/Microsoft.PowerApps/apis/shared_onedriveforbusiness"
                            },
                            "parameters": {
                              "folderPath": "/Billing Engine",
                              "name": "@{variables('FileName')}.html",
                              "body": "@variables('HTML')"
                            },
                            "authentication": "@parameters('$authentication')"
                          },
                          "runtimeConfiguration": {
                            "contentTransfer": {
                              "transferMode": "Chunked"
                            }
                          }
                        },
                        "Convert_file_using_path_2": {
                          "runAfter": {
                            "Create_file_2": [
                              "Succeeded"
                            ]
                          },
                          "metadata": {
                            "operationMetadataId": "9ea86ee0-d727-47fa-b4b2-9d81b7877928"
                          },
                          "type": "OpenApiConnection",
                          "inputs": {
                            "host": {
                              "connectionName": "shared_onedriveforbusiness",
                              "operationId": "ConvertFileByPath",
                              "apiId": "/providers/Microsoft.PowerApps/apis/shared_onedriveforbusiness"
                            },
                            "parameters": {
                              "path": "/Billing Engine/@{variables('FileName')}.html",
                              "type": "PDF"
                            },
                            "authentication": "@parameters('$authentication')"
                          }
                        },
                        "Send_an_email_(V2)": {
                          "runAfter": {
                            "Upload_a_file_or_an_image": [
                              "Succeeded"
                            ]
                          },
                          "metadata": {
                            "operationMetadataId": "b7d06ede-d902-4833-a0bb-9c4a22acf68d"
                          },
                          "type": "OpenApiConnection",
                          "inputs": {
                            "host": {
                              "connectionName": "shared_office365",
                              "operationId": "SendEmailV2",
                              "apiId": "/providers/Microsoft.PowerApps/apis/shared_office365"
                            },
                            "parameters": {
                              "emailMessage/To": "@items('Apply_to_each_EVENTS')?['cr3ff_to']",
                              "emailMessage/Subject": "@{items('Apply_to_each_EVENTS')?['cr3ff_subject']} ",
                              "emailMessage/Body": "<p>@{items('Apply_to_each_EVENTS')?['cr3ff_body']}</p>",
                              "emailMessage/From": "@items('Apply_to_each_EVENTS')?['cr3ff_from']",
                              "emailMessage/Attachments": [
                                {
                                  "Name": "@{items('Apply_to_each_EVENTS')?['cr3ff_eventid']}Invoice.pdf",
                                  "ContentBytes": "@body('Convert_file_using_path_2')"
                                }
                              ],
                              "emailMessage/Importance": "Normal"
                            },
                            "authentication": "@parameters('$authentication')"
                          }
                        },
                        "Set_variable": {
                          "runAfter": {},
                          "metadata": {
                            "operationMetadataId": "8191546d-1158-4496-aa7e-c9e42290aa59"
                          },
                          "type": "SetVariable",
                          "inputs": {
                            "name": "FileName",
                            "value": "@{guid()}"
                          }
                        },
                        "Update_a_row": {
                          "runAfter": {
                            "Send_an_email_(V2)": [
                              "Succeeded"
                            ]
                          },
                          "metadata": {
                            "operationMetadataId": "c532be0b-07c3-4c84-a800-ef169452ca4a"
                          },
                          "type": "OpenApiConnection",
                          "inputs": {
                            "host": {
                              "connectionName": "shared_commondataserviceforapps",
                              "operationId": "UpdateRecord",
                              "apiId": "/providers/Microsoft.PowerApps/apis/shared_commondataserviceforapps"
                            },
                            "parameters": {
                              "entityName": "cr3ff_be_events",
                              "recordId": "@items('Apply_to_each_EVENTS')?['cr3ff_be_eventid']",
                              "item/cr3ff_eventstatus": "Sent"
                            },
                            "authentication": "@parameters('$authentication')"
                          }
                        },
                        "Upload_a_file_or_an_image": {
                          "runAfter": {
                            "Convert_file_using_path_2": [
                              "Succeeded"
                            ]
                          },
                          "metadata": {
                            "operationMetadataId": "19ab1b43-a9a0-463e-aaa7-acd72dab604d"
                          },
                          "type": "OpenApiConnection",
                          "inputs": {
                            "host": {
                              "connectionName": "shared_commondataserviceforapps",
                              "operationId": "UpdateEntityFileImageFieldContent",
                              "apiId": "/providers/Microsoft.PowerApps/apis/shared_commondataserviceforapps"
                            },
                            "parameters": {
                              "entityName": "cr3ff_be_events",
                              "recordId": "@items('Apply_to_each_EVENTS')?['cr3ff_be_eventid']",
                              "fileImageFieldName": "cr3ff_attachments",
                              "item": "@body('Convert_file_using_path_2')",
                              "x-ms-file-name": "@outputs('Convert_file_using_path_2')?['headers/x-ms-file-name']"
                            },
                            "authentication": "@parameters('$authentication')"
                          }
                        }
                      },
                      "runAfter": {
                        "Compose_HTML": [
                          "Succeeded"
                        ]
                      },
                      "metadata": {
                        "operationMetadataId": "58ba1846-dc2b-4e4f-8ba8-6619853fed89"
                      },
                      "type": "Foreach"
                    }
                  },
                  "runAfter": {},
                  "expression": {
                    "equals": [
                      "@items('Apply_to_each')?['_cr3ff_lookupevent_value']",
                      "@items('Apply_to_each_EVENT')?['cr3ff_eventid']"
                    ]
                  },
                  "metadata": {
                    "operationMetadataId": "f3cdf3c0-e2b4-4a81-bcbb-7b982ee7bb1d"
                  },
                  "type": "If"
                }
              },
              "runAfter": {
                "Set_variable_INVOICE_EVENT_ARRAY": [
                  "Succeeded"
                ]
              },
              "metadata": {
                "operationMetadataId": "efcceb36-5c15-4adc-9f3b-fea6a8fb02a1"
              },
              "type": "Foreach"
            }
          },
          "runAfter": {
            "Initialize_variable_3": [
              "Succeeded"
            ]
          },
          "metadata": {
            "operationMetadataId": "aa1341a5-b9ba-4c65-98b5-f3b1a690a60a"
          },
          "type": "Foreach"
        },
        "Initialize_variable": {
          "runAfter": {
            "Initialize_variable_HTML": [
              "Succeeded"
            ]
          },
          "metadata": {
            "operationMetadataId": "fc64c8e5-640d-40eb-9a96-751494e07b33"
          },
          "type": "InitializeVariable",
          "inputs": {
            "variables": [
              {
                "name": "Items HTML",
                "type": "string"
              }
            ]
          }
        },
        "Initialize_variable_2": {
          "runAfter": {
            "Initialize_variable": [
              "Succeeded"
            ]
          },
          "metadata": {
            "operationMetadataId": "dc87d6a9-7014-4759-830c-452cc35a451d"
          },
          "type": "InitializeVariable",
          "inputs": {
            "variables": [
              {
                "name": "Temp HTML",
                "type": "string"
              }
            ]
          }
        },
        "Initialize_variable_3": {
          "runAfter": {
            "Initialize_variable_2": [
              "Succeeded"
            ]
          },
          "metadata": {
            "operationMetadataId": "8fa57167-6394-49ef-b051-c3cd4c8ffb26"
          },
          "type": "InitializeVariable",
          "inputs": {
            "variables": [
              {
                "name": "Final Items HTML",
                "type": "string"
              }
            ]
          }
        }
      }
    },
    "templateName": ""
  },
  "schemaVersion": "1.0.0.0"
}