{
  "properties": {
    "connectionReferences": {
      "shared_commondataserviceforapps_1": {
        "runtimeSource": "embedded",
        "connection": {
          "connectionReferenceLogicalName": "new_sharedcommondataserviceforapps_48839"
        },
        "api": {
          "name": "shared_commondataserviceforapps"
        }
      }
    },
    "definition": {
      "$schema": "https://schema.management.azure.com/providers/Microsoft.Logic/schemas/2016-06-01/workflowdefinition.json#",
      "contentVersion": "1.0.0.0",
      "parameters": {
        "$connections": {
          "defaultValue": {},
          "type": "Object"
        },
        "$authentication": {
          "defaultValue": {},
          "type": "SecureObject"
        }
      },
      "triggers": {
        "manual": {
          "metadata": {
            "operationMetadataId": "2a6d5c13-5c2a-4ab2-b04a-ce3a6b06ffd1"
          },
          "type": "Request",
          "kind": "PowerAppV2",
          "inputs": {
            "schema": {
              "type": "object",
              "properties": {},
              "required": []
            }
          }
        }
      },
      "actions": {
        "get_All_Unprocessed_Incident_Headers": {
          "runAfter": {},
          "metadata": {
            "operationMetadataId": "b7bdf4d7-cdd8-4860-8acd-079eb8c1b020"
          },
          "type": "OpenApiConnection",
          "inputs": {
            "host": {
              "connectionName": "shared_commondataserviceforapps_1",
              "operationId": "ListRecords",
              "apiId": "/providers/Microsoft.PowerApps/apis/shared_commondataserviceforapps"
            },
            "parameters": {
              "entityName": "cr3ff_be_incident_headers",
              "$filter": "cr3ff_isprocessed eq false"
            },
            "authentication": "@parameters('$authentication')"
          }
        },
        "Get_All_Customer_Fees": {
          "foreach": "@outputs('get_All_Unprocessed_Incident_Headers')?['body/value']",
          "actions": {
            "Set_variable": {
              "runAfter": {},
              "metadata": {
                "operationMetadataId": "66b1ea16-55ae-41d6-83a2-83315938a26f"
              },
              "type": "SetVariable",
              "inputs": {
                "name": "Customer",
                "value": "@items('Get_All_Customer_Fees')?['_cr3ff_customer_value']"
              }
            },
            "List_Customer_Fees_Per_Customer": {
              "runAfter": {
                "Set_variable": [
                  "Succeeded"
                ]
              },
              "metadata": {
                "operationMetadataId": "0564fe21-cc0e-4dd2-8133-19b64fe19a40"
              },
              "type": "OpenApiConnection",
              "inputs": {
                "host": {
                  "connectionName": "shared_commondataserviceforapps_1",
                  "operationId": "ListRecords",
                  "apiId": "/providers/Microsoft.PowerApps/apis/shared_commondataserviceforapps"
                },
                "parameters": {
                  "entityName": "cr3ff_be_customer_feeses",
                  "$filter": "_cr3ff_lookupcustomerid_value eq '@{variables('Customer')}'\nand cr3ff_inactive eq true"
                },
                "authentication": "@parameters('$authentication')"
              }
            },
            "Apply_to_each_2": {
              "foreach": "@outputs('List_Customer_Fees_Per_Customer')?['body/value']",
              "actions": {
                "Get_a_row_by_ID": {
                  "runAfter": {},
                  "metadata": {
                    "operationMetadataId": "7586d990-5e77-4227-8b49-c4171e781cea"
                  },
                  "type": "OpenApiConnection",
                  "inputs": {
                    "host": {
                      "connectionName": "shared_commondataserviceforapps_1",
                      "operationId": "GetItem",
                      "apiId": "/providers/Microsoft.PowerApps/apis/shared_commondataserviceforapps"
                    },
                    "parameters": {
                      "entityName": "cr3ff_be_fees",
                      "recordId": "@items('Apply_to_each_2')?['_cr3ff_lookupfeeid_value']"
                    },
                    "authentication": "@parameters('$authentication')"
                  }
                },
                "Condition_1_-_If_Default_Rate_not_null": {
                  "actions": {
                    "Set_Var_Rate": {
                      "runAfter": {},
                      "metadata": {
                        "operationMetadataId": "f5e601d7-cc2e-41fe-b080-0ecf551624f1"
                      },
                      "type": "SetVariable",
                      "inputs": {
                        "name": "Rate",
                        "value": "@outputs('Get_a_row_by_ID')?['body/cr3ff_rate']"
                      }
                    }
                  },
                  "runAfter": {
                    "Get_a_row_by_ID": [
                      "Succeeded"
                    ]
                  },
                  "else": {
                    "actions": {
                      "Set_Var_Rate_0": {
                        "runAfter": {},
                        "metadata": {
                          "operationMetadataId": "13c60f90-eecc-45b5-9b22-c1cda9943581"
                        },
                        "type": "SetVariable",
                        "inputs": {
                          "name": "Rate",
                          "value": 0
                        }
                      }
                    }
                  },
                  "expression": {
                    "not": {
                      "equals": [
                        "@outputs('Get_a_row_by_ID')?['body/cr3ff_rate']",
                        "@null"
                      ]
                    }
                  },
                  "metadata": {
                    "operationMetadataId": "2e6fb603-db15-418b-962c-862cd0773a61"
                  },
                  "type": "If"
                },
                "Condition_2_-_If_Client_Rate_is_Populated": {
                  "actions": {
                    "Change_Rate_to_Client_if_not_0": {
                      "runAfter": {},
                      "metadata": {
                        "operationMetadataId": "be556cc3-b408-47cb-b8ee-9a86b02f073a"
                      },
                      "type": "SetVariable",
                      "inputs": {
                        "name": "Rate",
                        "value": "@items('Apply_to_each_2')?['cr3ff_clientspecificrate']"
                      }
                    }
                  },
                  "runAfter": {
                    "Condition_1_-_If_Default_Rate_not_null": [
                      "Succeeded"
                    ]
                  },
                  "expression": {
                    "not": {
                      "equals": [
                        "@items('Apply_to_each_2')?['cr3ff_clientspecificrate']",
                        "@null"
                      ]
                    }
                  },
                  "metadata": {
                    "operationMetadataId": "8e1ac115-3c02-4aac-83a6-0fa792eadb8f"
                  },
                  "type": "If"
                },
                "Condition_3_-_If_Fee_Type_is_Flat_Rate": {
                  "actions": {
                    "Set_Flat_Fee": {
                      "runAfter": {
                        "Set_Input_Transaction_Value__As_1": [
                          "Succeeded"
                        ]
                      },
                      "metadata": {
                        "operationMetadataId": "3e375031-ce69-4ca7-9667-9593c8ed456f"
                      },
                      "type": "SetVariable",
                      "inputs": {
                        "name": "Final Rate",
                        "value": "@variables('Rate')"
                      }
                    },
                    "Set_Input_Transaction_Value__As_1": {
                      "runAfter": {},
                      "metadata": {
                        "operationMetadataId": "fea5e62e-f6e7-447f-8e3d-506b399cd819"
                      },
                      "type": "SetVariable",
                      "inputs": {
                        "name": "Input Transaction Value",
                        "value": 1
                      }
                    }
                  },
                  "runAfter": {
                    "Condition_2_-_If_Client_Rate_is_Populated": [
                      "Succeeded"
                    ]
                  },
                  "else": {
                    "actions": {
                      "Set_Final_Rate_Percent": {
                        "runAfter": {
                          "Apply_to_each_3": [
                            "Succeeded"
                          ]
                        },
                        "metadata": {
                          "operationMetadataId": "5501f974-c0ac-4274-81c4-5f4c0ab2d9e4"
                        },
                        "type": "SetVariable",
                        "inputs": {
                          "name": "Final Rate",
                          "value": "@div(variables('Rate'),100)"
                        }
                      },
                      "List_Input_Transactions": {
                        "runAfter": {},
                        "metadata": {
                          "operationMetadataId": "dab9fca5-82bf-4339-8b72-ac67f0e00942"
                        },
                        "type": "OpenApiConnection",
                        "inputs": {
                          "host": {
                            "connectionName": "shared_commondataserviceforapps_1",
                            "operationId": "ListRecords",
                            "apiId": "/providers/Microsoft.PowerApps/apis/shared_commondataserviceforapps"
                          },
                          "parameters": {
                            "entityName": "cr3ff_be_incident_transactions",
                            "$filter": "cr3ff_transactionname eq '@{outputs('Get_a_row_by_ID')?['body/cr3ff_denominatorfield']}' and cr3ff_incidentreference eq '@{items('Get_All_Customer_Fees')?['cr3ff_incidentreference']}'"
                          },
                          "authentication": "@parameters('$authentication')"
                        }
                      },
                      "Apply_to_each_3": {
                        "foreach": "@outputs('List_Input_Transactions')?['body/value']",
                        "actions": {
                          "Set_Input_Transaction_Value": {
                            "runAfter": {},
                            "metadata": {
                              "operationMetadataId": "58ec9b26-e575-42d2-91d6-e2f20314e782"
                            },
                            "type": "SetVariable",
                            "inputs": {
                              "name": "Input Transaction Value",
                              "value": "@items('Apply_to_each_3')?['cr3ff_transactionvalue']"
                            }
                          }
                        },
                        "runAfter": {
                          "List_Input_Transactions": [
                            "Succeeded"
                          ]
                        },
                        "metadata": {
                          "operationMetadataId": "46dbb021-cf58-42fa-a71c-af682e7471d5"
                        },
                        "type": "Foreach"
                      }
                    }
                  },
                  "expression": {
                    "equals": [
                      "@outputs('Get_a_row_by_ID')?['body/cr3ff_feetype']",
                      "Flat Fee"
                    ]
                  },
                  "metadata": {
                    "operationMetadataId": "4943a97f-b597-4b82-b50d-6d902c4c041a"
                  },
                  "type": "If"
                },
                "Set_Output_Transaction_Value": {
                  "runAfter": {
                    "Condition_3_-_If_Fee_Type_is_Flat_Rate": [
                      "Succeeded"
                    ]
                  },
                  "metadata": {
                    "operationMetadataId": "c2ec0ab0-73af-4335-b71f-f47664e5b55c"
                  },
                  "type": "SetVariable",
                  "inputs": {
                    "name": "Output Transaction Value",
                    "value": "@mul(variables('Final Rate'),variables('Input Transaction Value'))"
                  }
                },
                "Add_a_new_row": {
                  "runAfter": {
                    "Set_Output_Transaction_Value": [
                      "Succeeded"
                    ]
                  },
                  "metadata": {
                    "operationMetadataId": "447fa474-e0ae-435d-b52d-64eaafd91a9d"
                  },
                  "type": "OpenApiConnection",
                  "inputs": {
                    "host": {
                      "connectionName": "shared_commondataserviceforapps_1",
                      "operationId": "CreateRecord",
                      "apiId": "/providers/Microsoft.PowerApps/apis/shared_commondataserviceforapps"
                    },
                    "parameters": {
                      "entityName": "cr3ff_be_incident_transactions",
                      "item/cr3ff_incidentreference": "@items('Get_All_Customer_Fees')?['cr3ff_incidentreference']",
                      "item/cr3ff_feecode": "@outputs('Get_a_row_by_ID')?['body/cr3ff_feereference']",
                      "item/cr3ff_feerate": "@variables('Rate')",
                      "item/cr3ff_transactiondate": "@utcNow()",
                      "item/cr3ff_transactioninformation": "@{outputs('Get_a_row_by_ID')?['body/cr3ff_denominatorfield']} (@{variables('Input Transaction Value')})",
                      "item/cr3ff_transactionname": "@outputs('Get_a_row_by_ID')?['body/cr3ff_fee']",
                      "item/cr3ff_transactiontype": "@outputs('Get_a_row_by_ID')?['body/new_invoicetype']",
                      "item/cr3ff_transactionvalue": "@variables('Output Transaction Value')"
                    },
                    "authentication": "@parameters('$authentication')"
                  }
                }
              },
              "runAfter": {
                "Compose": [
                  "Succeeded"
                ]
              },
              "metadata": {
                "operationMetadataId": "0cfbab7d-96c5-48de-ae10-1d04d8bd0982"
              },
              "type": "Foreach"
            },
            "Update_a_row": {
              "runAfter": {
                "Apply_to_each_2": [
                  "Succeeded"
                ]
              },
              "metadata": {
                "operationMetadataId": "2b47c041-b1f5-4da1-b945-420d0a64ae60"
              },
              "type": "OpenApiConnection",
              "inputs": {
                "host": {
                  "connectionName": "shared_commondataserviceforapps_1",
                  "operationId": "UpdateRecord",
                  "apiId": "/providers/Microsoft.PowerApps/apis/shared_commondataserviceforapps"
                },
                "parameters": {
                  "entityName": "cr3ff_be_incident_headers",
                  "recordId": "@items('Get_All_Customer_Fees')?['cr3ff_be_incident_headerid']",
                  "item/cr3ff_isprocessed": true
                },
                "authentication": "@parameters('$authentication')"
              }
            },
            "Compose": {
              "runAfter": {
                "List_Customer_Fees_Per_Customer": [
                  "Succeeded"
                ]
              },
              "metadata": {
                "operationMetadataId": "11e858ee-9c13-4e43-8580-9eb6bd4aaab8"
              },
              "type": "Compose",
              "inputs": "@length(outputs('List_Customer_Fees_Per_Customer')?['body/value'])"
            }
          },
          "runAfter": {
            "Var_Final_Rate": [
              "Succeeded"
            ]
          },
          "metadata": {
            "operationMetadataId": "6a9845ee-6801-49c2-adb3-c7d17fec2348"
          },
          "type": "Foreach"
        },
        "Var_Customer": {
          "runAfter": {
            "get_All_Unprocessed_Incident_Headers": [
              "Succeeded"
            ]
          },
          "metadata": {
            "operationMetadataId": "b443a98a-4890-4c53-9563-14867e9595be"
          },
          "type": "InitializeVariable",
          "inputs": {
            "variables": [
              {
                "name": "Customer",
                "type": "string"
              }
            ]
          }
        },
        "Var_Fee": {
          "runAfter": {
            "Var_Customer": [
              "Succeeded"
            ]
          },
          "metadata": {
            "operationMetadataId": "edb85dda-2f25-4dc4-88cd-f40f4165a40b"
          },
          "type": "InitializeVariable",
          "inputs": {
            "variables": [
              {
                "name": "Fee",
                "type": "string"
              }
            ]
          }
        },
        "Var_Input_Transaction_Value": {
          "runAfter": {
            "Var_Fee": [
              "Succeeded"
            ]
          },
          "metadata": {
            "operationMetadataId": "aeed4a60-7e93-4026-aecc-34c9700cb68b"
          },
          "type": "InitializeVariable",
          "inputs": {
            "variables": [
              {
                "name": "Input Transaction Value",
                "type": "float"
              }
            ]
          }
        },
        "Var_Rate": {
          "runAfter": {
            "Var_Output_Transaction_Value": [
              "Succeeded"
            ]
          },
          "metadata": {
            "operationMetadataId": "d12da523-0a3e-489d-8ee3-ae67a5c602d9"
          },
          "type": "InitializeVariable",
          "inputs": {
            "variables": [
              {
                "name": "Rate",
                "type": "float"
              }
            ]
          }
        },
        "Var_Output_Transaction_Value": {
          "runAfter": {
            "Var_Input_Transaction_Value": [
              "Succeeded"
            ]
          },
          "metadata": {
            "operationMetadataId": "33564e8e-4ae2-461c-a805-07e553094e1e"
          },
          "type": "InitializeVariable",
          "inputs": {
            "variables": [
              {
                "name": "Output Transaction Value",
                "type": "float"
              }
            ]
          }
        },
        "Var_Final_Rate": {
          "runAfter": {
            "Var_Rate": [
              "Succeeded"
            ]
          },
          "metadata": {
            "operationMetadataId": "71236819-5f39-48a2-a47d-401ec6054b54"
          },
          "type": "InitializeVariable",
          "inputs": {
            "variables": [
              {
                "name": "Final Rate",
                "type": "float"
              }
            ]
          }
        }
      }
    },
    "templateName": ""
  },
  "schemaVersion": "1.0.0.0"
}