{
  "properties": {
    "connectionReferences": {
      "shared_commondataserviceforapps": {
        "runtimeSource": "embedded",
        "connection": {
          "connectionReferenceLogicalName": "new_sharedcommondataserviceforapps_8e21e"
        },
        "api": {
          "name": "shared_commondataserviceforapps"
        }
      },
      "shared_commondataserviceforapps_1": {
        "runtimeSource": "embedded",
        "connection": {
          "connectionReferenceLogicalName": "new_sharedcommondataserviceforapps_48839"
        },
        "api": {
          "name": "shared_commondataserviceforapps"
        }
      }
    },
    "definition": {
      "$schema": "https://schema.management.azure.com/providers/Microsoft.Logic/schemas/2016-06-01/workflowdefinition.json#",
      "contentVersion": "1.0.0.0",
      "parameters": {
        "$connections": {
          "defaultValue": {},
          "type": "Object"
        },
        "$authentication": {
          "defaultValue": {},
          "type": "SecureObject"
        }
      },
      "triggers": {
        "manual": {
          "metadata": {
            "operationMetadataId": "d645fb12-4f9c-4606-804b-b2a192aef822"
          },
          "type": "Request",
          "kind": "PowerAppV2",
          "inputs": {
            "schema": {
              "type": "object",
              "properties": {},
              "required": []
            }
          }
        }
      },
      "actions": {
        "var_VRN": {
          "runAfter": {
            "Add_a_new_row_8": [
              "Succeeded"
            ]
          },
          "metadata": {
            "operationMetadataId": "77b5831f-7f16-48e6-9a65-9097371121c8"
          },
          "type": "InitializeVariable",
          "inputs": {
            "variables": [
              {
                "name": "VRN",
                "type": "string",
                "value": "GK71HWS"
              }
            ]
          }
        },
        "var_Incident": {
          "runAfter": {
            "var_Temp_Total": [
              "Succeeded"
            ]
          },
          "metadata": {
            "operationMetadataId": "0ff86e47-61c6-4e38-b46e-e9aec114ab98"
          },
          "type": "InitializeVariable",
          "inputs": {
            "variables": [
              {
                "name": "Incident Reference",
                "type": "string"
              }
            ]
          }
        },
        "Var_Transaction_Date": {
          "runAfter": {
            "Var_Customer": [
              "Succeeded"
            ]
          },
          "metadata": {
            "operationMetadataId": "58f4747e-7c56-4563-8267-a13379f917d1"
          },
          "type": "InitializeVariable",
          "inputs": {
            "variables": [
              {
                "name": "Transaction Date",
                "type": "string"
              }
            ]
          }
        },
        "var_Temp_Total": {
          "runAfter": {
            "var_VRN": [
              "Succeeded"
            ]
          },
          "metadata": {
            "operationMetadataId": "4a98f328-fb4b-43bb-a4f8-6a3715f0a97c"
          },
          "type": "InitializeVariable",
          "inputs": {
            "variables": [
              {
                "name": "TempArrayTotal",
                "type": "float",
                "value": 0
              }
            ]
          }
        },
        "Var_Customer": {
          "runAfter": {
            "var_Incident": [
              "Succeeded"
            ]
          },
          "metadata": {
            "operationMetadataId": "7cefd1f0-ab6d-4931-96bf-aaf73b349147"
          },
          "type": "InitializeVariable",
          "inputs": {
            "variables": [
              {
                "name": "Customer",
                "type": "string"
              }
            ]
          }
        },
        "var_BE_Customer": {
          "runAfter": {
            "Var_Transaction_Date": [
              "Succeeded"
            ]
          },
          "metadata": {
            "operationMetadataId": "ccf7111a-d997-4406-9323-ec0d41faff42"
          },
          "type": "InitializeVariable",
          "inputs": {
            "variables": [
              {
                "name": "BE_Customer",
                "type": "string"
              }
            ]
          }
        },
        "Count_Input": {
          "runAfter": {
            "Parse_JSON_List_Of_Incidents_to_Transact": [
              "Succeeded"
            ]
          },
          "metadata": {
            "operationMetadataId": "ad8bbe47-3684-46d6-8b5f-e01ec7c6da96"
          },
          "type": "Compose",
          "inputs": "@length(body('Filter_array'))"
        },
        "List_rows": {
          "runAfter": {
            "var_BE_Customer": [
              "Succeeded"
            ]
          },
          "metadata": {
            "operationMetadataId": "aa5858dd-6e54-4487-b504-0ecb44767dfa"
          },
          "type": "OpenApiConnection",
          "inputs": {
            "host": {
              "connectionName": "shared_commondataserviceforapps",
              "operationId": "ListRecords",
              "apiId": "/providers/Microsoft.PowerApps/apis/shared_commondataserviceforapps"
            },
            "parameters": {
              "entityName": "cr3ff_be_incident_headers",
              "$filter": "cr3ff_isimported ne true",
              "$top": 100
            },
            "authentication": "@parameters('$authentication')"
          }
        },
        "Filter_array": {
          "runAfter": {
            "List_rows": [
              "Succeeded"
            ]
          },
          "metadata": {
            "operationMetadataId": "aeb8b534-b094-41e1-a937-475490d6a5af"
          },
          "type": "Query",
          "inputs": {
            "from": "@outputs('List_rows')?['body/value']",
            "where": "@not(equals(item()?['cr3ff_isimported'], true))"
          }
        },
        "Parse_JSON_List_Of_Incidents_to_Transact": {
          "runAfter": {
            "Filter_array": [
              "Succeeded"
            ]
          },
          "metadata": {
            "operationMetadataId": "d41e5413-8e56-4e74-a291-60515787adbf"
          },
          "type": "ParseJson",
          "inputs": {
            "content": "@body('Filter_array')",
            "schema": {
              "type": "array",
              "items": {
                "type": "object",
                "properties": {
                  "@@odata.type": {
                    "type": "string"
                  },
                  "cr3ff_incidentreference": {
                    "type": "string"
                  },
                  "cr3ff_be_incident_headerid": {
                    "type": "string"
                  }
                },
                "required": [
                  "@@odata.type",
                  "cr3ff_incidentreference",
                  "cr3ff_be_incident_headerid"
                ]
              }
            }
          }
        },
        "Apply_to_each": {
          "foreach": "@body('Parse_JSON_List_Of_Incidents_to_Transact')",
          "actions": {
            "Set_Incident": {
              "runAfter": {},
              "metadata": {
                "operationMetadataId": "b760891e-8c12-44f2-af15-43ecbe09d1cb"
              },
              "type": "SetVariable",
              "inputs": {
                "name": "Incident Reference",
                "value": "@items('Apply_to_each')['cr3ff_incidentreference']"
              }
            },
            "Run_a_Child_Flow_GROSS": {
              "runAfter": {
                "Run_a_Child_Flow_PARTS": [
                  "Succeeded"
                ]
              },
              "metadata": {
                "operationMetadataId": "8e058d37-8875-4940-8be2-5c00a0304835"
              },
              "type": "Workflow",
              "inputs": {
                "host": {
                  "workflowReferenceName": "9ef8f07f-d318-ef11-9f89-6045bd0cd1f1"
                },
                "body": {
                  "text": "@variables('Incident Reference')"
                },
                "retryPolicy": {
                  "type": "none"
                }
              }
            },
            "Run_a_Child_Flow_NON_SPECIAL": {
              "runAfter": {
                "Run_a_Child_Flow_VAT": [
                  "Succeeded"
                ]
              },
              "metadata": {
                "operationMetadataId": "c2f605b2-2933-4adf-9f0a-eccc77e9264f"
              },
              "type": "Workflow",
              "inputs": {
                "host": {
                  "workflowReferenceName": "9ff8f07f-d318-ef11-9f89-6045bd0cd1f1"
                },
                "body": {
                  "text": "@variables('Incident Reference')"
                },
                "retryPolicy": {
                  "type": "none"
                }
              }
            },
            "Run_a_Child_Flow_VAT": {
              "runAfter": {
                "Add_a_new_row_7": [
                  "Succeeded"
                ]
              },
              "metadata": {
                "operationMetadataId": "772e0b0c-70d3-4d82-ac92-220ffca68b40"
              },
              "type": "Workflow",
              "inputs": {
                "host": {
                  "workflowReferenceName": "497c7f87-d318-ef11-9f89-6045bd0cd1f1"
                },
                "body": {
                  "text": "@variables('Incident Reference')"
                },
                "retryPolicy": {
                  "type": "none"
                }
              }
            },
            "Run_a_Child_Flow_FIRST_PARTY_EXCESS": {
              "runAfter": {
                "Run_a_Child_Flow_GROSS": [
                  "Succeeded"
                ]
              },
              "metadata": {
                "operationMetadataId": "c0c0b5da-4f2b-431f-a240-b45837bd09fc"
              },
              "type": "Workflow",
              "inputs": {
                "host": {
                  "workflowReferenceName": "9cf8f07f-d318-ef11-9f89-6045bd0cd1f1"
                },
                "body": {
                  "text": "@variables('Incident Reference')"
                },
                "retryPolicy": {
                  "type": "none"
                }
              }
            },
            "Run_a_Child_Flow_SPECIALIST": {
              "runAfter": {
                "Run_a_Child_Flow_FIRST_PARTY_EXCESS": [
                  "Succeeded"
                ]
              },
              "metadata": {
                "operationMetadataId": "96e69e5d-5670-4f7d-8b07-f9a4edd1be5e"
              },
              "type": "Workflow",
              "inputs": {
                "host": {
                  "workflowReferenceName": "7ec081d6-ca24-ef11-840a-6045bd0cc81c"
                },
                "body": {
                  "text": "@variables('Incident Reference')"
                }
              }
            },
            "Run_a_Child_Flow_PARTS": {
              "runAfter": {
                "Run_a_Child_Flow_NON_SPECIAL": [
                  "Succeeded"
                ]
              },
              "metadata": {
                "operationMetadataId": "80fd8bd3-5282-4943-84a8-41b674ee4dd6"
              },
              "type": "Workflow",
              "inputs": {
                "host": {
                  "workflowReferenceName": "b698f028-ea24-ef11-840a-6045bd0cc81c"
                },
                "body": {
                  "text": "@variables('Incident Reference')"
                }
              }
            },
            "Add_a_new_row": {
              "runAfter": {
                "Run_a_Child_Flow_NON_SPECIAL": [
                  "Failed",
                  "Skipped",
                  "TimedOut"
                ]
              },
              "metadata": {
                "operationMetadataId": "bda97ea3-9839-4f4a-8c32-550d2c56cb1c"
              },
              "type": "OpenApiConnection",
              "inputs": {
                "host": {
                  "connectionName": "shared_commondataserviceforapps_1",
                  "operationId": "CreateRecord",
                  "apiId": "/providers/Microsoft.PowerApps/apis/shared_commondataserviceforapps"
                },
                "parameters": {
                  "entityName": "cr3ff_be_activities",
                  "item/new_action": "Error Non Specialist Fee @{variables('Incident Reference')}",
                  "item/cr3ff_useremail": "BE_Step2_RefreshIncidentTransactions"
                },
                "authentication": "@parameters('$authentication')"
              }
            },
            "Add_a_new_row_2": {
              "runAfter": {
                "Run_a_Child_Flow_VAT": [
                  "Failed",
                  "Skipped",
                  "TimedOut"
                ]
              },
              "metadata": {
                "operationMetadataId": "e4a252ce-6fef-446a-9937-1ce73ec38830"
              },
              "type": "OpenApiConnection",
              "inputs": {
                "host": {
                  "connectionName": "shared_commondataserviceforapps_1",
                  "operationId": "CreateRecord",
                  "apiId": "/providers/Microsoft.PowerApps/apis/shared_commondataserviceforapps"
                },
                "parameters": {
                  "entityName": "cr3ff_be_activities",
                  "item/new_action": "Error VAT Fee @{variables('Incident Reference')}",
                  "item/cr3ff_useremail": "BE_Step2_RefreshIncidentTransactions"
                },
                "authentication": "@parameters('$authentication')"
              }
            },
            "Add_a_new_row_3": {
              "runAfter": {
                "Run_a_Child_Flow_PARTS": [
                  "Failed",
                  "Skipped",
                  "TimedOut"
                ]
              },
              "metadata": {
                "operationMetadataId": "c78383b2-6042-4c1f-ab84-d4823e9c6dfe"
              },
              "type": "OpenApiConnection",
              "inputs": {
                "host": {
                  "connectionName": "shared_commondataserviceforapps_1",
                  "operationId": "CreateRecord",
                  "apiId": "/providers/Microsoft.PowerApps/apis/shared_commondataserviceforapps"
                },
                "parameters": {
                  "entityName": "cr3ff_be_activities",
                  "item/new_action": "Error Parts Fee @{variables('Incident Reference')}",
                  "item/cr3ff_useremail": "BE_Step2_RefreshIncidentTransactions"
                },
                "authentication": "@parameters('$authentication')"
              }
            },
            "Add_a_new_row_4": {
              "runAfter": {
                "Run_a_Child_Flow_GROSS": [
                  "Failed",
                  "Skipped",
                  "TimedOut"
                ]
              },
              "metadata": {
                "operationMetadataId": "f1d2c5ef-75fa-441a-b22f-f5e2c194a81d"
              },
              "type": "OpenApiConnection",
              "inputs": {
                "host": {
                  "connectionName": "shared_commondataserviceforapps_1",
                  "operationId": "CreateRecord",
                  "apiId": "/providers/Microsoft.PowerApps/apis/shared_commondataserviceforapps"
                },
                "parameters": {
                  "entityName": "cr3ff_be_activities",
                  "item/new_action": "Error Gross Fee @{variables('Incident Reference')}",
                  "item/cr3ff_useremail": "BE_Step2_RefreshIncidentTransactions"
                },
                "authentication": "@parameters('$authentication')"
              }
            },
            "Add_a_new_row_5": {
              "runAfter": {
                "Run_a_Child_Flow_FIRST_PARTY_EXCESS": [
                  "Failed",
                  "TimedOut",
                  "Skipped"
                ]
              },
              "metadata": {
                "operationMetadataId": "cb7cb04b-4bd8-4dc4-95cb-f76441fcd919"
              },
              "type": "OpenApiConnection",
              "inputs": {
                "host": {
                  "connectionName": "shared_commondataserviceforapps_1",
                  "operationId": "CreateRecord",
                  "apiId": "/providers/Microsoft.PowerApps/apis/shared_commondataserviceforapps"
                },
                "parameters": {
                  "entityName": "cr3ff_be_activities",
                  "item/new_action": "Error First Party Excess @{variables('Incident Reference')}",
                  "item/cr3ff_useremail": "BE_Step2_RefreshIncidentTransactions"
                },
                "authentication": "@parameters('$authentication')"
              }
            },
            "Add_a_new_row_6": {
              "runAfter": {
                "Run_a_Child_Flow_SPECIALIST": [
                  "Failed",
                  "Skipped",
                  "TimedOut"
                ]
              },
              "metadata": {
                "operationMetadataId": "f0fe7f13-9143-408e-bfe2-a64a807d6fbe"
              },
              "type": "OpenApiConnection",
              "inputs": {
                "host": {
                  "connectionName": "shared_commondataserviceforapps_1",
                  "operationId": "CreateRecord",
                  "apiId": "/providers/Microsoft.PowerApps/apis/shared_commondataserviceforapps"
                },
                "parameters": {
                  "entityName": "cr3ff_be_activities",
                  "item/new_action": "Error Specialist Fee @{variables('Incident Reference')}",
                  "item/cr3ff_useremail": "BE_Step2_RefreshIncidentTransactions"
                },
                "authentication": "@parameters('$authentication')"
              }
            },
            "Add_a_new_row_7": {
              "runAfter": {
                "Set_Incident": [
                  "Succeeded"
                ]
              },
              "metadata": {
                "operationMetadataId": "08dd4508-92ce-4e2f-a756-0e8fcb035cdc"
              },
              "type": "OpenApiConnection",
              "inputs": {
                "host": {
                  "connectionName": "shared_commondataserviceforapps_1",
                  "operationId": "CreateRecord",
                  "apiId": "/providers/Microsoft.PowerApps/apis/shared_commondataserviceforapps"
                },
                "parameters": {
                  "entityName": "cr3ff_be_activities",
                  "item/new_action": "@{variables('Incident Reference')} Started Transactions",
                  "item/cr3ff_useremail": "BE_Step2_RefreshIncidentTransactions"
                },
                "authentication": "@parameters('$authentication')"
              }
            },
            "Update_a_row": {
              "runAfter": {
                "Run_a_Child_Flow_SPECIALIST": [
                  "Succeeded"
                ]
              },
              "metadata": {
                "operationMetadataId": "aa8c779d-c901-4f5b-bfea-9f039f4b6142"
              },
              "type": "OpenApiConnection",
              "inputs": {
                "host": {
                  "connectionName": "shared_commondataserviceforapps_1",
                  "operationId": "UpdateRecord",
                  "apiId": "/providers/Microsoft.PowerApps/apis/shared_commondataserviceforapps"
                },
                "parameters": {
                  "entityName": "cr3ff_be_incident_headers",
                  "recordId": "@items('Apply_to_each')['cr3ff_be_incident_headerid']",
                  "item/cr3ff_isimported": true
                },
                "authentication": "@parameters('$authentication')"
              }
            }
          },
          "runAfter": {
            "Count_Input": [
              "Succeeded"
            ]
          },
          "metadata": {
            "operationMetadataId": "43136a23-8e43-4e4b-9be5-51673ce90dbe"
          },
          "type": "Foreach"
        },
        "Add_a_new_row_8": {
          "runAfter": {},
          "metadata": {
            "operationMetadataId": "310ec68d-c209-4378-9c4c-974435a366e5"
          },
          "type": "OpenApiConnection",
          "inputs": {
            "host": {
              "connectionName": "shared_commondataserviceforapps_1",
              "operationId": "CreateRecord",
              "apiId": "/providers/Microsoft.PowerApps/apis/shared_commondataserviceforapps"
            },
            "parameters": {
              "entityName": "cr3ff_be_activities",
              "item/new_action": "Flow Started",
              "item/cr3ff_useremail": "BE_Step2_RefreshIncidentTransactions"
            },
            "authentication": "@parameters('$authentication')"
          }
        },
        "Response": {
          "runAfter": {
            "Apply_to_each": [
              "Succeeded"
            ]
          },
          "metadata": {
            "operationMetadataId": "97287e9b-22ec-4a5a-9d75-5e7135d685c5"
          },
          "type": "Response",
          "kind": "Http",
          "inputs": {
            "statusCode": 200
          }
        }
      }
    },
    "templateName": ""
  },
  "schemaVersion": "1.0.0.0"
}