{
  "properties": {
    "connectionReferences": {
      "shared_commondataserviceforapps": {
        "runtimeSource": "embedded",
        "connection": {
          "connectionReferenceLogicalName": "new_sharedcommondataserviceforapps_8e21e"
        },
        "api": {
          "name": "shared_commondataserviceforapps"
        }
      },
      "shared_commondataserviceforapps_1": {
        "runtimeSource": "embedded",
        "connection": {
          "connectionReferenceLogicalName": "new_sharedcommondataserviceforapps_48839"
        },
        "api": {
          "name": "shared_commondataserviceforapps"
        }
      }
    },
    "definition": {
      "$schema": "https://schema.management.azure.com/providers/Microsoft.Logic/schemas/2016-06-01/workflowdefinition.json#",
      "contentVersion": "1.0.0.0",
      "parameters": {
        "$connections": {
          "defaultValue": {},
          "type": "Object"
        },
        "$authentication": {
          "defaultValue": {},
          "type": "SecureObject"
        }
      },
      "triggers": {
        "manual": {
          "metadata": {
            "operationMetadataId": "66e74ac8-1d4a-4adc-a46f-9bf47abe5484"
          },
          "type": "Request",
          "kind": "PowerAppV2",
          "inputs": {
            "schema": {
              "type": "object",
              "properties": {
                "text": {
                  "title": "Incident Reference",
                  "type": "string",
                  "x-ms-dynamically-added": true,
                  "description": "Please enter your input",
                  "x-ms-content-hint": "TEXT"
                },
                "text_1": {
                  "title": "Invoice GUID",
                  "type": "string",
                  "x-ms-dynamically-added": true,
                  "description": "Please enter your input",
                  "x-ms-content-hint": "TEXT"
                }
              },
              "required": [
                "text",
                "text_1"
              ]
            }
          }
        }
      },
      "actions": {
        "Get_Invoice": {
          "runAfter": {
            "Initialize_variable_10": [
              "Succeeded"
            ]
          },
          "metadata": {
            "operationMetadataId": "7cd27b78-7890-40c5-8dd9-75b1950f58e6"
          },
          "type": "OpenApiConnection",
          "inputs": {
            "host": {
              "connectionName": "shared_commondataserviceforapps",
              "operationId": "GetItem",
              "apiId": "/providers/Microsoft.PowerApps/apis/shared_commondataserviceforapps"
            },
            "parameters": {
              "entityName": "cr3ff_be_invoices",
              "recordId": "@triggerBody()['text_1']"
            },
            "authentication": "@parameters('$authentication')"
          }
        },
        "List_Incident_Headers": {
          "runAfter": {},
          "metadata": {
            "operationMetadataId": "2ba1e8fe-0439-4325-8edc-10158882f083"
          },
          "type": "OpenApiConnection",
          "inputs": {
            "host": {
              "connectionName": "shared_commondataserviceforapps",
              "operationId": "ListRecords",
              "apiId": "/providers/Microsoft.PowerApps/apis/shared_commondataserviceforapps"
            },
            "parameters": {
              "entityName": "cr3ff_be_incident_headers",
              "$filter": "cr3ff_incidentreference eq '@{triggerBody()['text']}'"
            },
            "authentication": "@parameters('$authentication')"
          }
        },
        "Initialize_variable": {
          "runAfter": {
            "List_Incident_Headers": [
              "Succeeded"
            ]
          },
          "metadata": {
            "operationMetadataId": "1490468f-54aa-4cdb-86cd-338515ad83b0"
          },
          "type": "InitializeVariable",
          "inputs": {
            "variables": [
              {
                "name": "Incident GUID",
                "type": "string"
              }
            ]
          }
        },
        "Apply_to_each_Incident": {
          "foreach": "@outputs('List_Incident_Headers')?['body/value']",
          "actions": {
            "List_Transaction_of_Type_Fee": {
              "runAfter": {},
              "metadata": {
                "operationMetadataId": "8581e16b-711c-40b6-8f8a-b0aa9386bf75"
              },
              "type": "OpenApiConnection",
              "inputs": {
                "host": {
                  "connectionName": "shared_commondataserviceforapps",
                  "operationId": "ListRecords",
                  "apiId": "/providers/Microsoft.PowerApps/apis/shared_commondataserviceforapps"
                },
                "parameters": {
                  "entityName": "cr3ff_be_incident_transactions",
                  "$filter": "cr3ff_incidentreference eq '@{triggerBody()['text']}' and cr3ff_transactiontype eq '@{outputs('Get_Invoice')?['body/new_invoicetype']}'"
                },
                "authentication": "@parameters('$authentication')"
              }
            },
            "Apply_to_each": {
              "foreach": "@outputs('List_Transaction_of_Type_Fee')?['body/value']",
              "actions": {
                "Set_variable": {
                  "runAfter": {},
                  "metadata": {
                    "operationMetadataId": "887e8425-16ae-475e-8689-779487f15f86"
                  },
                  "type": "SetVariable",
                  "inputs": {
                    "name": "Transaction Value",
                    "value": "@items('Apply_to_each')?['cr3ff_transactionvalue']"
                  }
                },
                "Add_a_new_row": {
                  "runAfter": {
                    "Set_variable_7": [
                      "Succeeded"
                    ]
                  },
                  "metadata": {
                    "operationMetadataId": "eae71036-b696-467c-b2af-17d11e55b24a"
                  },
                  "type": "OpenApiConnection",
                  "inputs": {
                    "host": {
                      "connectionName": "shared_commondataserviceforapps",
                      "operationId": "CreateRecord",
                      "apiId": "/providers/Microsoft.PowerApps/apis/shared_commondataserviceforapps"
                    },
                    "parameters": {
                      "entityName": "cr3ff_be_invoiceitems",
                      "item/cr3ff_amount": "@items('Apply_to_each')?['cr3ff_transactionvalue']",
                      "item/cr3ff_date": "@utcNow()",
                      "item/cr3ff_description": "@items('Apply_to_each')?['cr3ff_transactioninformation']",
                      "item/cr3ff_incidentreference": "@triggerBody()['text']",
                      "item/cr3ff_invoiceid": "@outputs('Get_Invoice')?['body/cr3ff_invoiceid']",
                      "item/cr3ff_items": "1",
                      "item/cr3ff_LookupInvoiceID@odata.bind": "cr3ff_be_invoices(@{triggerBody()['text_1']})",
                      "item/cr3ff_productcode": "@items('Apply_to_each')?['cr3ff_feecode']",
                      "item/cr3ff_quantity": 1,
                      "item/cr3ff_tax": "@variables('Tax Calculation')",
                      "item/cr3ff_taxrate": "@outputs('Get_Invoice')?['body/cr3ff_defaulttaxrate']",
                      "item/cr3ff_vrn": "@items('Apply_to_each_Incident')?['cr3ff_vrm']"
                    },
                    "authentication": "@parameters('$authentication')"
                  }
                },
                "Set_variable_3": {
                  "runAfter": {
                    "Compose": [
                      "Succeeded"
                    ]
                  },
                  "metadata": {
                    "operationMetadataId": "32151676-483c-4d8f-a095-8a3c2150e612"
                  },
                  "type": "SetVariable",
                  "inputs": {
                    "name": "Tax Calculation",
                    "value": "@mul(variables('Transaction Value'),outputs('Compose'))"
                  }
                },
                "Compose": {
                  "runAfter": {
                    "Condition_3": [
                      "Succeeded"
                    ]
                  },
                  "metadata": {
                    "operationMetadataId": "67012250-eba7-4708-983e-759958d9e064"
                  },
                  "type": "Compose",
                  "inputs": "@div(variables('Tax Rate'),100)"
                },
                "Set_variable_4": {
                  "runAfter": {
                    "Set_variable_3": [
                      "Succeeded"
                    ]
                  },
                  "metadata": {
                    "operationMetadataId": "75a47092-ff00-459a-9265-2d1203e6d3dc"
                  },
                  "type": "SetVariable",
                  "inputs": {
                    "name": "Temp",
                    "value": "@add(variables('Transaction Value'),variables('Total'))"
                  }
                },
                "Set_variable_5": {
                  "runAfter": {
                    "Set_variable_4": [
                      "Succeeded"
                    ]
                  },
                  "metadata": {
                    "operationMetadataId": "c8bc7fd3-962f-4942-8dfc-07963d961eba"
                  },
                  "type": "SetVariable",
                  "inputs": {
                    "name": "Total",
                    "value": "@variables('Temp')"
                  }
                },
                "Set_variable_6": {
                  "runAfter": {
                    "Set_variable_5": [
                      "Succeeded"
                    ]
                  },
                  "metadata": {
                    "operationMetadataId": "8ae39782-26a2-47bf-b6b3-1f846fa31ad8"
                  },
                  "type": "SetVariable",
                  "inputs": {
                    "name": "Temp Tax",
                    "value": "@add(variables('Tax Calculation'),variables('Total Tax'))"
                  }
                },
                "Set_variable_7": {
                  "runAfter": {
                    "Set_variable_6": [
                      "Succeeded"
                    ]
                  },
                  "metadata": {
                    "operationMetadataId": "4707998a-6f55-44c8-87a1-5c039fdb4fef"
                  },
                  "type": "SetVariable",
                  "inputs": {
                    "name": "Total Tax",
                    "value": "@variables('Temp Tax')"
                  }
                },
                "Condition_3": {
                  "actions": {
                    "Set_variable_2": {
                      "runAfter": {},
                      "metadata": {
                        "operationMetadataId": "5c1f70a2-6826-427a-8f8a-4e9ee98f0f45"
                      },
                      "type": "SetVariable",
                      "inputs": {
                        "name": "Tax Rate",
                        "value": "@outputs('Get_Invoice')?['body/cr3ff_defaulttaxrate']"
                      }
                    }
                  },
                  "runAfter": {
                    "Set_variable": [
                      "Succeeded"
                    ]
                  },
                  "else": {
                    "actions": {
                      "Set_variable_12": {
                        "runAfter": {},
                        "metadata": {
                          "operationMetadataId": "3ff63bde-0d06-4148-9819-38cd888df78c"
                        },
                        "type": "SetVariable",
                        "inputs": {
                          "name": "Tax Rate",
                          "value": 0
                        }
                      }
                    }
                  },
                  "expression": {
                    "not": {
                      "equals": [
                        "@outputs('Get_Invoice')?['body/cr3ff_defaulttaxrate']",
                        "@null"
                      ]
                    }
                  },
                  "metadata": {
                    "operationMetadataId": "303dec9c-1277-4b10-89b8-12bdc4ce7d3e"
                  },
                  "type": "If"
                }
              },
              "runAfter": {
                "List_Transaction_of_Type_Fee": [
                  "Succeeded"
                ]
              },
              "metadata": {
                "operationMetadataId": "cbb81a89-4b7f-467b-800e-c854fc171ec2"
              },
              "type": "Foreach"
            },
            "Update_Invoice_header": {
              "runAfter": {
                "Apply_to_each": [
                  "Succeeded"
                ]
              },
              "metadata": {
                "operationMetadataId": "3cb99386-8bcc-4d6a-9bd3-e7786412c7a3"
              },
              "type": "OpenApiConnection",
              "inputs": {
                "host": {
                  "connectionName": "shared_commondataserviceforapps_1",
                  "operationId": "UpdateRecord",
                  "apiId": "/providers/Microsoft.PowerApps/apis/shared_commondataserviceforapps"
                },
                "parameters": {
                  "entityName": "cr3ff_be_invoices",
                  "recordId": "@outputs('Get_Invoice')?['body/cr3ff_be_invoiceid']",
                  "item/cr3ff_invoicetotal": "@add(add(variables('Prev Invoice Total'),variables('Prev Invoice Tax')),add(variables('Total Tax'),variables('Total')))",
                  "item/cr3ff_subtotal": "@add(variables('Prev Invoice Total'),variables('Total'))",
                  "item/cr3ff_totaltax": "@add(variables('Prev Invoice Tax'),variables('Total Tax'))"
                },
                "authentication": "@parameters('$authentication')"
              }
            },
            "Condition_4": {
              "actions": {
                "Update_a_row": {
                  "runAfter": {},
                  "metadata": {
                    "operationMetadataId": "368b26a8-4d3f-4ed5-9d35-af0385e5d2d4"
                  },
                  "type": "OpenApiConnection",
                  "inputs": {
                    "host": {
                      "connectionName": "shared_commondataserviceforapps_1",
                      "operationId": "UpdateRecord",
                      "apiId": "/providers/Microsoft.PowerApps/apis/shared_commondataserviceforapps"
                    },
                    "parameters": {
                      "entityName": "cr3ff_be_incident_headers",
                      "recordId": "@items('Apply_to_each_Incident')?['cr3ff_be_incident_headerid']",
                      "item/new_ischarged": true
                    },
                    "authentication": "@parameters('$authentication')"
                  }
                }
              },
              "runAfter": {
                "Update_Invoice_header": [
                  "Succeeded"
                ]
              },
              "expression": {
                "equals": [
                  "@outputs('Update_Invoice_header')?['body/new_invoicetype']",
                  "Charge"
                ]
              },
              "metadata": {
                "operationMetadataId": "324e7aa7-d43b-446f-b613-20b66b38666d"
              },
              "type": "If"
            },
            "Condition_5": {
              "actions": {
                "Update_a_row_2": {
                  "runAfter": {},
                  "metadata": {
                    "operationMetadataId": "9a4d977a-f08a-4f9b-aab2-1ce7e44a4e5a"
                  },
                  "type": "OpenApiConnection",
                  "inputs": {
                    "host": {
                      "connectionName": "shared_commondataserviceforapps_1",
                      "operationId": "UpdateRecord",
                      "apiId": "/providers/Microsoft.PowerApps/apis/shared_commondataserviceforapps"
                    },
                    "parameters": {
                      "entityName": "cr3ff_be_incident_headers",
                      "recordId": "@outputs('Update_a_row')?['body/cr3ff_be_incident_headerid']",
                      "item/new_isrebate": true
                    },
                    "authentication": "@parameters('$authentication')"
                  }
                }
              },
              "runAfter": {
                "Condition_4": [
                  "Succeeded"
                ]
              },
              "expression": {
                "equals": [
                  "@outputs('Update_Invoice_header')?['body/new_invoicetype']",
                  "Rebate"
                ]
              },
              "metadata": {
                "operationMetadataId": "1bb62399-41db-493c-bab2-96b1e0543b4c"
              },
              "type": "If"
            },
            "Condition_6": {
              "actions": {
                "Update_a_row_3": {
                  "runAfter": {},
                  "metadata": {
                    "operationMetadataId": "c687fa4a-3d8e-47dc-a331-ced741dd279b"
                  },
                  "type": "OpenApiConnection",
                  "inputs": {
                    "host": {
                      "connectionName": "shared_commondataserviceforapps_1",
                      "operationId": "UpdateRecord",
                      "apiId": "/providers/Microsoft.PowerApps/apis/shared_commondataserviceforapps"
                    },
                    "parameters": {
                      "entityName": "cr3ff_be_incident_headers",
                      "recordId": "@items('Apply_to_each_Incident')?['cr3ff_be_incident_headerid']",
                      "item/new_isrebateshared": true
                    },
                    "authentication": "@parameters('$authentication')"
                  }
                }
              },
              "runAfter": {
                "Condition_5": [
                  "Succeeded"
                ]
              },
              "expression": {
                "equals": [
                  "@outputs('Update_Invoice_header')?['body/new_invoicetype']",
                  "Shared Rebate"
                ]
              },
              "metadata": {
                "operationMetadataId": "5de09a1e-fe9a-4b82-9fe5-36d510731c08"
              },
              "type": "If"
            }
          },
          "runAfter": {
            "Condition_2": [
              "Succeeded"
            ]
          },
          "metadata": {
            "operationMetadataId": "6041bd9b-83bb-416f-9245-7fc7ba460a08"
          },
          "type": "Foreach"
        },
        "Initialize_variable_2": {
          "runAfter": {
            "Initialize_variable": [
              "Succeeded"
            ]
          },
          "metadata": {
            "operationMetadataId": "2b2caf1f-7841-4a95-a029-c7e3eff8d85f"
          },
          "type": "InitializeVariable",
          "inputs": {
            "variables": [
              {
                "name": "Tax Calculation",
                "type": "float"
              }
            ]
          }
        },
        "Initialize_variable_3": {
          "runAfter": {
            "Initialize_variable_2": [
              "Succeeded"
            ]
          },
          "metadata": {
            "operationMetadataId": "5a6e16f9-9a83-45f6-867a-12b89bfff399"
          },
          "type": "InitializeVariable",
          "inputs": {
            "variables": [
              {
                "name": "Tax Rate",
                "type": "float"
              }
            ]
          }
        },
        "Initialize_variable_4": {
          "runAfter": {
            "Initialize_variable_3": [
              "Succeeded"
            ]
          },
          "metadata": {
            "operationMetadataId": "b7f0f45f-026d-4c41-9bfd-3bf88eb56100"
          },
          "type": "InitializeVariable",
          "inputs": {
            "variables": [
              {
                "name": "Transaction Value",
                "type": "float"
              }
            ]
          }
        },
        "Initialize_variable_5": {
          "runAfter": {
            "Initialize_variable_4": [
              "Succeeded"
            ]
          },
          "metadata": {
            "operationMetadataId": "58575449-f14c-457d-82a8-a92f044c8612"
          },
          "type": "InitializeVariable",
          "inputs": {
            "variables": [
              {
                "name": "Total",
                "type": "float",
                "value": 0
              }
            ]
          }
        },
        "Initialize_variable_6": {
          "runAfter": {
            "Initialize_variable_5": [
              "Succeeded"
            ]
          },
          "metadata": {
            "operationMetadataId": "f8d82348-036e-4c71-9cdf-f4f82ada6699"
          },
          "type": "InitializeVariable",
          "inputs": {
            "variables": [
              {
                "name": "Temp",
                "type": "float",
                "value": 0
              }
            ]
          }
        },
        "Initialize_variable_7": {
          "runAfter": {
            "Initialize_variable_6": [
              "Succeeded"
            ]
          },
          "metadata": {
            "operationMetadataId": "7f94740f-839e-43fb-b467-3dc29aeb609f"
          },
          "type": "InitializeVariable",
          "inputs": {
            "variables": [
              {
                "name": "Temp Tax",
                "type": "float",
                "value": 0
              }
            ]
          }
        },
        "Initialize_variable_8": {
          "runAfter": {
            "Initialize_variable_7": [
              "Succeeded"
            ]
          },
          "metadata": {
            "operationMetadataId": "67145764-9e73-4736-8803-17641cee0138"
          },
          "type": "InitializeVariable",
          "inputs": {
            "variables": [
              {
                "name": "Total Tax",
                "type": "float",
                "value": 0
              }
            ]
          }
        },
        "Initialize_variable_9": {
          "runAfter": {
            "Initialize_variable_8": [
              "Succeeded"
            ]
          },
          "metadata": {
            "operationMetadataId": "3d095a0f-0092-4d61-a527-96e1255e6af2"
          },
          "type": "InitializeVariable",
          "inputs": {
            "variables": [
              {
                "name": "Prev Invoice Tax",
                "type": "float",
                "value": 0
              }
            ]
          }
        },
        "Initialize_variable_10": {
          "runAfter": {
            "Initialize_variable_9": [
              "Succeeded"
            ]
          },
          "metadata": {
            "operationMetadataId": "899e1828-e01b-4e32-a698-a9792c089945"
          },
          "type": "InitializeVariable",
          "inputs": {
            "variables": [
              {
                "name": "Prev Invoice Total",
                "type": "float",
                "value": 0
              }
            ]
          }
        },
        "Condition": {
          "actions": {
            "Set_variable_8": {
              "runAfter": {},
              "metadata": {
                "operationMetadataId": "9c16923a-0d74-43ca-ae62-05cfefcdfb71"
              },
              "type": "SetVariable",
              "inputs": {
                "name": "Prev Invoice Total",
                "value": "@outputs('Get_Invoice')?['body/cr3ff_invoicetotal']"
              }
            }
          },
          "runAfter": {
            "Get_Invoice": [
              "Succeeded"
            ]
          },
          "else": {
            "actions": {
              "Set_variable_10": {
                "runAfter": {},
                "metadata": {
                  "operationMetadataId": "d9f11c46-d67b-4a17-8e1a-c76228c4bc99"
                },
                "type": "SetVariable",
                "inputs": {
                  "name": "Prev Invoice Total",
                  "value": 0
                }
              }
            }
          },
          "expression": {
            "not": {
              "equals": [
                "@outputs('Get_Invoice')?['body/cr3ff_invoicetotal']",
                "@null"
              ]
            }
          },
          "metadata": {
            "operationMetadataId": "87137e01-8463-44a4-942e-6874a56b2710"
          },
          "type": "If"
        },
        "Condition_2": {
          "actions": {
            "Set_variable_9": {
              "runAfter": {},
              "metadata": {
                "operationMetadataId": "e4a5596d-a670-46d4-8717-194bcb834de4"
              },
              "type": "SetVariable",
              "inputs": {
                "name": "Prev Invoice Tax",
                "value": "@outputs('Get_Invoice')?['body/cr3ff_totaltax']"
              }
            }
          },
          "runAfter": {
            "Condition": [
              "Succeeded"
            ]
          },
          "else": {
            "actions": {
              "Set_variable_11": {
                "runAfter": {},
                "metadata": {
                  "operationMetadataId": "f95f8f25-8d12-4ca4-b795-8007b799318a"
                },
                "type": "SetVariable",
                "inputs": {
                  "name": "Prev Invoice Tax",
                  "value": 0
                }
              }
            }
          },
          "expression": {
            "not": {
              "equals": [
                "@outputs('Get_Invoice')?['body/cr3ff_totaltax']",
                "@null"
              ]
            }
          },
          "metadata": {
            "operationMetadataId": "a9e16102-351d-4476-ba2b-acd936a2978c"
          },
          "type": "If"
        }
      }
    },
    "templateName": ""
  },
  "schemaVersion": "1.0.0.0"
}