{
  "properties": {
    "connectionReferences": {
      "shared_commondataserviceforapps": {
        "runtimeSource": "embedded",
        "connection": {
          "connectionReferenceLogicalName": "new_sharedcommondataserviceforapps_8e21e"
        },
        "api": {
          "name": "shared_commondataserviceforapps"
        }
      },
      "shared_commondataserviceforapps_1": {
        "runtimeSource": "embedded",
        "connection": {
          "connectionReferenceLogicalName": "new_sharedcommondataserviceforapps_48839"
        },
        "api": {
          "name": "shared_commondataserviceforapps"
        }
      },
      "shared_sql": {
        "runtimeSource": "embedded",
        "connection": {
          "connectionReferenceLogicalName": "new_sharedsql_2a6d1"
        },
        "api": {
          "name": "shared_sql"
        }
      }
    },
    "definition": {
      "$schema": "https://schema.management.azure.com/providers/Microsoft.Logic/schemas/2016-06-01/workflowdefinition.json#",
      "contentVersion": "1.0.0.0",
      "parameters": {
        "$connections": {
          "defaultValue": {},
          "type": "Object"
        },
        "$authentication": {
          "defaultValue": {},
          "type": "SecureObject"
        }
      },
      "triggers": {
        "When_a_row_is_added,_modified_or_deleted": {
          "metadata": {
            "operationMetadataId": "a1f8aa4a-896a-41a6-820c-ac57d306f96b"
          },
          "type": "OpenApiConnectionWebhook",
          "inputs": {
            "host": {
              "connectionName": "shared_commondataserviceforapps_1",
              "operationId": "SubscribeWebhookTrigger",
              "apiId": "/providers/Microsoft.PowerApps/apis/shared_commondataserviceforapps"
            },
            "parameters": {
              "subscriptionRequest/message": 1,
              "subscriptionRequest/entityname": "cr3ff_be_execution",
              "subscriptionRequest/scope": 4
            },
            "authentication": "@parameters('$authentication')"
          }
        }
      },
      "actions": {
        "Apply_to_each": {
          "foreach": "@body('Parse_JSON')",
          "actions": {
            "Set_Incident": {
              "runAfter": {},
              "metadata": {
                "operationMetadataId": "b760891e-8c12-44f2-af15-43ecbe09d1cb"
              },
              "type": "SetVariable",
              "inputs": {
                "name": "Incident Reference",
                "value": "@items('Apply_to_each')['IncidentReference']"
              }
            },
            "Count_Matches": {
              "runAfter": {
                "Select_Any_Matching_Incident_Reference": [
                  "Succeeded"
                ]
              },
              "metadata": {
                "operationMetadataId": "87df8e2d-fc59-4058-af4b-99e74719f2fe"
              },
              "type": "Compose",
              "inputs": "@length(body('Select_Any_Matching_Incident_Reference'))"
            },
            "Condition_If_New_Incident": {
              "actions": {
                "List_rows_Customers": {
                  "runAfter": {
                    "Apply_to_each_SQL_ROW": [
                      "Succeeded"
                    ]
                  },
                  "metadata": {
                    "operationMetadataId": "58038ced-f6c6-4af2-a2d7-d87cf25d8481"
                  },
                  "type": "OpenApiConnection",
                  "inputs": {
                    "host": {
                      "connectionName": "shared_commondataserviceforapps",
                      "operationId": "ListRecords",
                      "apiId": "/providers/Microsoft.PowerApps/apis/shared_commondataserviceforapps"
                    },
                    "parameters": {
                      "entityName": "cr3ff_be_customers",
                      "$filter": "cr3ff_customer eq '@{variables('Customer')}'"
                    },
                    "authentication": "@parameters('$authentication')"
                  }
                },
                "Add_a_new_Incident_Header": {
                  "runAfter": {
                    "Condition": [
                      "Succeeded"
                    ]
                  },
                  "metadata": {
                    "operationMetadataId": "68f722d0-100f-4d40-8d55-a07bd40d7f8a"
                  },
                  "type": "OpenApiConnection",
                  "inputs": {
                    "host": {
                      "connectionName": "shared_commondataserviceforapps",
                      "operationId": "CreateRecord",
                      "apiId": "/providers/Microsoft.PowerApps/apis/shared_commondataserviceforapps"
                    },
                    "parameters": {
                      "entityName": "cr3ff_be_incident_headers",
                      "item/cr3ff_incidentreference": "@variables('Incident Reference')",
                      "item/cr3ff_Customer@odata.bind": "cr3ff_be_customers(@{variables('BE_Customer')})",
                      "item/cr3ff_incidentdate": "@variables('Transaction Date')",
                      "item/cr3ff_isprocessed": false,
                      "item/cr3ff_vrm": "@variables('VRN')"
                    },
                    "authentication": "@parameters('$authentication')"
                  }
                },
                "Compose_Count_Customers": {
                  "runAfter": {
                    "Select_3": [
                      "Succeeded"
                    ]
                  },
                  "metadata": {
                    "operationMetadataId": "eb0aa170-c400-40ee-a2a4-edfa1ba685c9"
                  },
                  "type": "Compose",
                  "inputs": "@length(body('Select_3'))"
                },
                "Select_3": {
                  "runAfter": {
                    "List_rows_Customers": [
                      "Succeeded"
                    ]
                  },
                  "metadata": {
                    "operationMetadataId": "601119d4-c16c-4b84-9ddc-de0e1053f173"
                  },
                  "type": "Select",
                  "inputs": {
                    "from": "@outputs('List_rows_Customers')?['body/value']",
                    "select": {
                      "Customer": "@item()?['cr3ff_customer']"
                    }
                  }
                },
                "Condition": {
                  "actions": {
                    "Add_a_new_row": {
                      "runAfter": {},
                      "metadata": {
                        "operationMetadataId": "7b502a89-13fa-4335-a3f3-34df11f27b91"
                      },
                      "type": "OpenApiConnection",
                      "inputs": {
                        "host": {
                          "connectionName": "shared_commondataserviceforapps_1",
                          "operationId": "CreateRecord",
                          "apiId": "/providers/Microsoft.PowerApps/apis/shared_commondataserviceforapps"
                        },
                        "parameters": {
                          "entityName": "cr3ff_be_customers",
                          "item/cr3ff_customer": "@variables('Customer')"
                        },
                        "authentication": "@parameters('$authentication')"
                      }
                    },
                    "Set_variable_2": {
                      "runAfter": {
                        "Add_a_new_row": [
                          "Succeeded"
                        ]
                      },
                      "metadata": {
                        "operationMetadataId": "b8799eb7-abcf-4f50-881e-8497ac6d7698"
                      },
                      "type": "SetVariable",
                      "inputs": {
                        "name": "BE_Customer",
                        "value": "@outputs('Add_a_new_row')?['body/cr3ff_be_customerid']"
                      }
                    }
                  },
                  "runAfter": {
                    "Compose_Count_Customers": [
                      "Succeeded"
                    ]
                  },
                  "else": {
                    "actions": {
                      "Apply_to_each_Customer": {
                        "foreach": "@outputs('List_rows_Customers')?['body/value']",
                        "actions": {
                          "Set_variable": {
                            "runAfter": {},
                            "metadata": {
                              "operationMetadataId": "9dca02b7-993f-4956-aa0a-363cfd2d45b3"
                            },
                            "type": "SetVariable",
                            "inputs": {
                              "name": "BE_Customer",
                              "value": "@items('Apply_to_each_Customer')?['cr3ff_be_customerid']"
                            }
                          }
                        },
                        "runAfter": {},
                        "metadata": {
                          "operationMetadataId": "ff646132-a589-4cd9-b58b-be72cd760f37"
                        },
                        "type": "Foreach"
                      }
                    }
                  },
                  "expression": {
                    "not": {
                      "equals": [
                        "@outputs('Compose_Count_Customers')",
                        1
                      ]
                    }
                  },
                  "metadata": {
                    "operationMetadataId": "a2a64149-2abb-4b92-9ddb-1c0bfef7e345"
                  },
                  "type": "If"
                },
                "Apply_to_each_SQL_ROW": {
                  "foreach": "@body('Parse_JSON_of_Filtered_Rows')",
                  "actions": {
                    "Add_a_new_SQL_ROWS_(Stage_BE_Incidents)": {
                      "runAfter": {},
                      "metadata": {
                        "operationMetadataId": "794ac007-9a70-4596-acac-71d1cbe53c9f"
                      },
                      "type": "OpenApiConnection",
                      "inputs": {
                        "host": {
                          "connectionName": "shared_commondataserviceforapps_1",
                          "operationId": "CreateRecord",
                          "apiId": "/providers/Microsoft.PowerApps/apis/shared_commondataserviceforapps"
                        },
                        "parameters": {
                          "entityName": "cr3ff_be_incidents",
                          "item/cr3ff_customername": "@items('Apply_to_each_SQL_ROW')['ListName']",
                          "item/cr3ff_externalreference": "@items('Apply_to_each_SQL_ROW')['ExternalReference']",
                          "item/cr3ff_incidentreference": "@items('Apply_to_each_SQL_ROW')['IncidentReference']",
                          "item/cr3ff_ledgeraccountcode": "@items('Apply_to_each_SQL_ROW')['LedgerAccountCode']",
                          "item/cr3ff_ledgeraccountname": "@items('Apply_to_each_SQL_ROW')['LedgerAccountName']",
                          "item/cr3ff_ledgeraccountprefix": "@items('Apply_to_each_SQL_ROW')['LedgerAccountPrefix']",
                          "item/cr3ff_ledgertransactiondocumentname": "@items('Apply_to_each_SQL_ROW')['LedgerTransactionDocumentName']",
                          "item/cr3ff_netamount": "@items('Apply_to_each_SQL_ROW')['NetAmount']",
                          "item/cr3ff_projectcode": "@items('Apply_to_each_SQL_ROW')['ProjectCode']",
                          "item/cr3ff_repairprocessoutcome": "@items('Apply_to_each_SQL_ROW')['RepairProcessOutcome']",
                          "item/cr3ff_repairreference": "@items('Apply_to_each_SQL_ROW')['RepairReference']",
                          "item/cr3ff_transactiondate": "@items('Apply_to_each_SQL_ROW')['TransactionDate']",
                          "item/cr3ff_transactionid": "@items('Apply_to_each_SQL_ROW')['TransactionId']",
                          "item/cr3ff_transactionreference": "@items('Apply_to_each_SQL_ROW')['TransactionReference']",
                          "item/cr3ff_transactiontrackingstatus": "@items('Apply_to_each_SQL_ROW')['TransactionTrackingStatus']",
                          "item/cr3ff_vatamount": "@items('Apply_to_each_SQL_ROW')['VatAmount']",
                          "item/new_vrmcurr": "@items('Apply_to_each_SQL_ROW')?['VRMcurr']"
                        },
                        "authentication": "@parameters('$authentication')"
                      }
                    },
                    "Set_variable_TRANSACTION_DATE": {
                      "runAfter": {
                        "Add_a_new_SQL_ROWS_(Stage_BE_Incidents)": [
                          "Succeeded"
                        ]
                      },
                      "metadata": {
                        "operationMetadataId": "008f906d-720c-460c-b987-37de9608f2bb"
                      },
                      "type": "SetVariable",
                      "inputs": {
                        "name": "Transaction Date",
                        "value": "@items('Apply_to_each_SQL_ROW')['TransactionDate']"
                      }
                    },
                    "Set_variable_CUSTOMER": {
                      "runAfter": {
                        "Set_variable_TRANSACTION_DATE": [
                          "Succeeded"
                        ]
                      },
                      "metadata": {
                        "operationMetadataId": "7475122d-75a2-4f4c-bf28-1f5d951bf973"
                      },
                      "type": "SetVariable",
                      "inputs": {
                        "name": "Customer",
                        "value": "@items('Apply_to_each_SQL_ROW')['ListName']"
                      }
                    },
                    "Set_variable_VRN": {
                      "runAfter": {
                        "Set_variable_CUSTOMER": [
                          "Succeeded"
                        ]
                      },
                      "metadata": {
                        "operationMetadataId": "515f34f4-906b-4f47-b1a4-f0a67381db24"
                      },
                      "type": "SetVariable",
                      "inputs": {
                        "name": "VRN",
                        "value": "@items('Apply_to_each_SQL_ROW')?['VRMcurr']"
                      }
                    }
                  },
                  "runAfter": {
                    "Parse_JSON_of_Filtered_Rows": [
                      "Succeeded"
                    ]
                  },
                  "metadata": {
                    "operationMetadataId": "feeba6c0-16eb-4ee8-ba2a-7ee69fb6e181"
                  },
                  "type": "Foreach"
                },
                "Parse_JSON_of_Filtered_Rows": {
                  "runAfter": {
                    "Filter_SQL_ROWS_for_just_this_Incident_Records": [
                      "Succeeded"
                    ]
                  },
                  "metadata": {
                    "operationMetadataId": "cb5c23c6-b555-4ea7-aef1-f3124f09e3f9"
                  },
                  "type": "ParseJson",
                  "inputs": {
                    "content": "@body('Filter_SQL_ROWS_for_just_this_Incident_Records')",
                    "schema": {
                      "type": "array",
                      "items": {
                        "type": "object",
                        "properties": {
                          "@@odata.etag": {
                            "type": "string"
                          },
                          "ItemInternalId": {
                            "type": "string"
                          },
                          "IncidentReference": {
                            "type": "string"
                          },
                          "RepairReference": {
                            "type": "string"
                          },
                          "ExternalReference": {
                            "type": "string"
                          },
                          "ListName": {
                            "type": "string"
                          },
                          "RepairProcessOutcome": {
                            "type": "string"
                          },
                          "TransactionId": {
                            "type": "string"
                          },
                          "TransactionReference": {
                            "type": "string"
                          },
                          "TransactionDate": {
                            "type": "string"
                          },
                          "Posted": {
                            "type": "boolean"
                          },
                          "IsLockedAwaitingAuthority": {
                            "type": "boolean"
                          },
                          "NetAmount": {
                            "type": "number"
                          },
                          "VatAmount": {
                            "type": "number"
                          },
                          "LedgerAccountName": {
                            "type": "string"
                          },
                          "LedgerAccountPrefix": {
                            "type": "string"
                          },
                          "LedgerAccountCode": {
                            "type": "string"
                          },
                          "LedgerTransactionDocumentName": {
                            "type": "string"
                          },
                          "ProjectCode": {
                            "type": "string"
                          },
                          "TransactionTrackingStatus": {
                            "type": "string"
                          },
                          "VRMcurr": {
                            "type": "string"
                          }
                        },
                        "required": [
                          "@@odata.etag",
                          "ItemInternalId",
                          "IncidentReference",
                          "RepairReference",
                          "ExternalReference",
                          "ListName",
                          "RepairProcessOutcome",
                          "TransactionId",
                          "TransactionReference",
                          "TransactionDate",
                          "Posted",
                          "IsLockedAwaitingAuthority",
                          "NetAmount",
                          "VatAmount",
                          "LedgerAccountName",
                          "LedgerAccountPrefix",
                          "LedgerAccountCode",
                          "LedgerTransactionDocumentName",
                          "ProjectCode",
                          "TransactionTrackingStatus",
                          "VRMCurr"
                        ]
                      }
                    }
                  }
                },
                "Filter_SQL_ROWS_for_just_this_Incident_Records": {
                  "runAfter": {},
                  "metadata": {
                    "operationMetadataId": "10fc4c66-c6a6-4008-8184-50ec05c2bfa1"
                  },
                  "type": "Query",
                  "inputs": {
                    "from": "@outputs('Get_rows_(V2)')?['body/value']",
                    "where": "@equals(item()?['IncidentReference'], items('Apply_to_each')['IncidentReference'])"
                  }
                },
                "Add_a_new_row_2": {
                  "runAfter": {
                    "Add_a_new_Incident_Header": [
                      "Succeeded"
                    ]
                  },
                  "metadata": {
                    "operationMetadataId": "85e3ce0c-0993-474f-8511-2a8c233e8bd6"
                  },
                  "type": "OpenApiConnection",
                  "inputs": {
                    "host": {
                      "connectionName": "shared_commondataserviceforapps_1",
                      "operationId": "CreateRecord",
                      "apiId": "/providers/Microsoft.PowerApps/apis/shared_commondataserviceforapps"
                    },
                    "parameters": {
                      "entityName": "cr3ff_be_activities",
                      "item/new_action": "New Incident @{outputs('Add_a_new_Incident_Header')?['body/cr3ff_incidentreference']}",
                      "item/cr3ff_useremail": "BE_Step1_RefreshIncidentHeaders"
                    },
                    "authentication": "@parameters('$authentication')"
                  }
                }
              },
              "runAfter": {
                "Count_Matches": [
                  "Succeeded"
                ]
              },
              "expression": {
                "equals": [
                  "@outputs('Count_Matches')",
                  0
                ]
              },
              "metadata": {
                "operationMetadataId": "d5160ca5-4f37-4ded-8a20-ccf8f1e13a5d"
              },
              "type": "If"
            },
            "Filter_Current_Incident_Headers_for_Incident": {
              "runAfter": {
                "Set_Incident": [
                  "Succeeded"
                ]
              },
              "metadata": {
                "operationMetadataId": "4449f12c-829e-4467-976e-028fca605ee2"
              },
              "type": "Query",
              "inputs": {
                "from": "@outputs('Get_List_Of_Current_Incident_Headers')?['body/value']",
                "where": "@equals(item()?['cr3ff_incidentreference'], variables('Incident Reference'))"
              }
            },
            "Parse_JSON_for_Current_Matching_Incident": {
              "runAfter": {
                "Filter_Current_Incident_Headers_for_Incident": [
                  "Succeeded"
                ]
              },
              "metadata": {
                "operationMetadataId": "bbb64342-582b-40a2-8c63-b30293908403"
              },
              "type": "ParseJson",
              "inputs": {
                "content": "@body('Filter_Current_Incident_Headers_for_Incident')",
                "schema": {
                  "type": "array",
                  "items": {
                    "type": "object",
                    "properties": {
                      "cr3ff_incidentreference": {
                        "type": "string"
                      }
                    },
                    "required": [
                      "cr3ff_incidentreference"
                    ]
                  }
                }
              }
            },
            "Select_Any_Matching_Incident_Reference": {
              "runAfter": {
                "Parse_JSON_for_Current_Matching_Incident": [
                  "Succeeded"
                ]
              },
              "metadata": {
                "operationMetadataId": "fa3c7e20-79a2-4c5f-9876-a4a3ec17ea38"
              },
              "type": "Select",
              "inputs": {
                "from": "@body('Parse_JSON_for_Current_Matching_Incident')",
                "select": {
                  "Incident Reference": "@item()['cr3ff_incidentreference']"
                }
              }
            }
          },
          "runAfter": {
            "Set_Current_Incident_Headers_Array": [
              "Succeeded"
            ]
          },
          "metadata": {
            "operationMetadataId": "43136a23-8e43-4e4b-9be5-51673ce90dbe"
          },
          "type": "Foreach"
        },
        "var_VRN": {
          "runAfter": {
            "Add_a_new_row_3": [
              "Succeeded"
            ]
          },
          "metadata": {
            "operationMetadataId": "77b5831f-7f16-48e6-9a65-9097371121c8"
          },
          "type": "InitializeVariable",
          "inputs": {
            "variables": [
              {
                "name": "VRN",
                "type": "string",
                "value": "GK71HWS"
              }
            ]
          }
        },
        "var_Incident": {
          "runAfter": {
            "var_Temp_Total": [
              "Succeeded"
            ]
          },
          "metadata": {
            "operationMetadataId": "0ff86e47-61c6-4e38-b46e-e9aec114ab98"
          },
          "type": "InitializeVariable",
          "inputs": {
            "variables": [
              {
                "name": "Incident Reference",
                "type": "string"
              }
            ]
          }
        },
        "Var_Transaction_Date": {
          "runAfter": {
            "Var_Customer": [
              "Succeeded"
            ]
          },
          "metadata": {
            "operationMetadataId": "58f4747e-7c56-4563-8267-a13379f917d1"
          },
          "type": "InitializeVariable",
          "inputs": {
            "variables": [
              {
                "name": "Transaction Date",
                "type": "string"
              }
            ]
          }
        },
        "var_Temp_Total": {
          "runAfter": {
            "Initialize_variable": [
              "Succeeded"
            ]
          },
          "metadata": {
            "operationMetadataId": "4a98f328-fb4b-43bb-a4f8-6a3715f0a97c"
          },
          "type": "InitializeVariable",
          "inputs": {
            "variables": [
              {
                "name": "TempArrayTotal",
                "type": "float",
                "value": 0
              }
            ]
          }
        },
        "Var_Customer": {
          "runAfter": {
            "var_Incident": [
              "Succeeded"
            ]
          },
          "metadata": {
            "operationMetadataId": "7cefd1f0-ab6d-4931-96bf-aaf73b349147"
          },
          "type": "InitializeVariable",
          "inputs": {
            "variables": [
              {
                "name": "Customer",
                "type": "string"
              }
            ]
          }
        },
        "var_BE_Customer": {
          "runAfter": {
            "Var_Transaction_Date": [
              "Succeeded"
            ]
          },
          "metadata": {
            "operationMetadataId": "ccf7111a-d997-4406-9323-ec0d41faff42"
          },
          "type": "InitializeVariable",
          "inputs": {
            "variables": [
              {
                "name": "BE_Customer",
                "type": "string"
              }
            ]
          }
        },
        "Select": {
          "runAfter": {
            "Get_rows_(V2)": [
              "Succeeded"
            ]
          },
          "metadata": {
            "operationMetadataId": "0f53b957-9915-4b40-8be4-700b8f59ffc0"
          },
          "type": "Select",
          "inputs": {
            "from": "@outputs('Get_rows_(V2)')?['body/value']",
            "select": {
              "IncidentReference": "@item()?['IncidentReference']",
              "VRN": "@item()?['VRMCurr']"
            }
          }
        },
        "Compose": {
          "runAfter": {
            "Select": [
              "Succeeded"
            ]
          },
          "metadata": {
            "operationMetadataId": "5c22b602-643c-42fa-8726-aefe887b7777"
          },
          "type": "Compose",
          "inputs": "@union(body('Select'),body('Select'))"
        },
        "Count_Input_Rows": {
          "runAfter": {
            "Compose": [
              "Succeeded"
            ]
          },
          "metadata": {
            "operationMetadataId": "768a36e6-9ed2-48fc-9c0a-1c96f1290bfd"
          },
          "type": "Compose",
          "inputs": "@length(body('Select'))"
        },
        "Parse_JSON": {
          "runAfter": {
            "Count_Input_Rows": [
              "Succeeded"
            ]
          },
          "metadata": {
            "operationMetadataId": "ce76f78d-2d08-4c33-9052-799a159c350c"
          },
          "type": "ParseJson",
          "inputs": {
            "content": "@outputs('Compose')",
            "schema": {
              "type": "array",
              "items": {
                "type": "object",
                "properties": {
                  "IncidentReference": {
                    "type": "string"
                  }
                },
                "required": [
                  "IncidentReference"
                ]
              }
            }
          }
        },
        "Count_Input": {
          "runAfter": {
            "Parse_JSON": [
              "Succeeded"
            ]
          },
          "metadata": {
            "operationMetadataId": "ad8bbe47-3684-46d6-8b5f-e01ec7c6da96"
          },
          "type": "Compose",
          "inputs": "@length(body('Parse_JSON'))"
        },
        "Get_List_Of_Current_Incident_Headers": {
          "runAfter": {
            "Count_Input": [
              "Succeeded"
            ]
          },
          "metadata": {
            "operationMetadataId": "3d8d19c4-0821-46ca-8e81-855972b16fdc"
          },
          "type": "OpenApiConnection",
          "inputs": {
            "host": {
              "connectionName": "shared_commondataserviceforapps",
              "operationId": "ListRecords",
              "apiId": "/providers/Microsoft.PowerApps/apis/shared_commondataserviceforapps"
            },
            "parameters": {
              "entityName": "cr3ff_be_incident_headers"
            },
            "authentication": "@parameters('$authentication')"
          }
        },
        "Initialize_variable": {
          "runAfter": {
            "var_VRN": [
              "Succeeded"
            ]
          },
          "metadata": {
            "operationMetadataId": "d1f56c5a-aaaa-4ba0-9ce8-6ad4dbd32f8d"
          },
          "type": "InitializeVariable",
          "inputs": {
            "variables": [
              {
                "name": "Array Incident Headers",
                "type": "array"
              }
            ]
          }
        },
        "Set_Current_Incident_Headers_Array": {
          "runAfter": {
            "Get_List_Of_Current_Incident_Headers": [
              "Succeeded"
            ]
          },
          "metadata": {
            "operationMetadataId": "079e4b56-b04b-4a17-a7d0-c031d37ea444"
          },
          "type": "SetVariable",
          "inputs": {
            "name": "Array Incident Headers",
            "value": "@outputs('Get_List_Of_Current_Incident_Headers')?['body/value']"
          }
        },
        "Add_a_new_row_3": {
          "runAfter": {
            "Parse_JSON_Test_Parameters": [
              "Succeeded"
            ]
          },
          "metadata": {
            "operationMetadataId": "2ba1d0f2-4abb-44e3-94dd-ffef878139a2"
          },
          "type": "OpenApiConnection",
          "inputs": {
            "host": {
              "connectionName": "shared_commondataserviceforapps",
              "operationId": "CreateRecord",
              "apiId": "/providers/Microsoft.PowerApps/apis/shared_commondataserviceforapps"
            },
            "parameters": {
              "entityName": "cr3ff_be_activities",
              "item/new_action": "Flow Started",
              "item/cr3ff_useremail": "BE_Step1_RefreshIncidentHeaders"
            },
            "authentication": "@parameters('$authentication')"
          }
        },
        "Get_rows_(V2)": {
          "runAfter": {
            "var_BE_Customer": [
              "Succeeded"
            ]
          },
          "metadata": {
            "operationMetadataId": "fd23bcc8-c95e-45e2-a060-3db72ea757c2"
          },
          "type": "OpenApiConnection",
          "inputs": {
            "host": {
              "connectionName": "shared_sql",
              "operationId": "GetItems_V2",
              "apiId": "/providers/Microsoft.PowerApps/apis/shared_sql"
            },
            "parameters": {
              "server": "AXAZSQL01",
              "database": "Leap_Accman",
              "table": "[AX].[vwGetBilledTransactions]",
              "$filter": "ListName eq '@{body('Parse_JSON_Test_Parameters')?['Customer']}'"
            },
            "authentication": "@parameters('$authentication')"
          }
        },
        "Run_a_Child_Flow": {
          "runAfter": {
            "Apply_to_each": [
              "Succeeded"
            ]
          },
          "metadata": {
            "operationMetadataId": "628ed524-7134-4944-ac4b-d7fdce2f8f5a"
          },
          "type": "Workflow",
          "inputs": {
            "host": {
              "workflowReferenceName": "f858bb52-4922-ef11-840a-6045bd0cd1f1"
            }
          }
        },
        "Parse_JSON_Test_Parameters": {
          "runAfter": {
            "Update_a_row": [
              "Succeeded"
            ]
          },
          "metadata": {
            "operationMetadataId": "6c905e86-c5ed-475e-82c6-91257306ba89"
          },
          "type": "ParseJson",
          "inputs": {
            "content": "@triggerOutputs()?['body/new_parameters']",
            "schema": {
              "type": "object",
              "properties": {
                "Customer": {
                  "type": "string"
                }
              }
            }
          }
        },
        "Update_a_row": {
          "runAfter": {},
          "metadata": {
            "operationMetadataId": "0a3bcf8b-0663-42bd-b372-82643fc095f4"
          },
          "type": "OpenApiConnection",
          "inputs": {
            "host": {
              "connectionName": "shared_commondataserviceforapps_1",
              "operationId": "UpdateRecord",
              "apiId": "/providers/Microsoft.PowerApps/apis/shared_commondataserviceforapps"
            },
            "parameters": {
              "entityName": "cr3ff_be_executions",
              "recordId": "@triggerOutputs()?['body/cr3ff_be_executionid']",
              "item/cr3ff_executionguid": "@workflow().guid",
              "item/cr3ff_executiontime": "@utcNow()",
              "item/cr3ff_outcome": "\"Working\""
            },
            "authentication": "@parameters('$authentication')"
          }
        },
        "Update_a_row_2": {
          "runAfter": {
            "Run_a_Child_Flow": [
              "Succeeded"
            ]
          },
          "metadata": {
            "operationMetadataId": "b3ea09d3-4719-44f9-8797-dee1b107f549"
          },
          "type": "OpenApiConnection",
          "inputs": {
            "host": {
              "connectionName": "shared_commondataserviceforapps_1",
              "operationId": "UpdateRecord",
              "apiId": "/providers/Microsoft.PowerApps/apis/shared_commondataserviceforapps"
            },
            "parameters": {
              "entityName": "cr3ff_be_executions",
              "recordId": "@outputs('Update_a_row')?['body/cr3ff_be_executionid']",
              "item/cr3ff_executiontime": "@utcNow()",
              "item/cr3ff_outcome": "\"Complete\""
            },
            "authentication": "@parameters('$authentication')"
          }
        }
      }
    },
    "templateName": ""
  },
  "schemaVersion": "1.0.0.0"
}