{
  "properties": {
    "connectionReferences": {
      "shared_commondataserviceforapps": {
        "api": {
          "name": "shared_commondataserviceforapps"
        },
        "connection": {
          "connectionReferenceLogicalName": "new_sharedcommondataserviceforapps_8e21e"
        },
        "runtimeSource": "embedded"
      }
    },
    "definition": {
      "$schema": "https://schema.management.azure.com/providers/Microsoft.Logic/schemas/2016-06-01/workflowdefinition.json#",
      "contentVersion": "1.0.0.0",
      "parameters": {
        "$authentication": {
          "defaultValue": {},
          "type": "SecureObject"
        },
        "$connections": {
          "defaultValue": {},
          "type": "Object"
        }
      },
      "triggers": {
        "manual": {
          "type": "Request",
          "kind": "Button",
          "inputs": {
            "schema": {
              "type": "object",
              "properties": {
                "text": {
                  "title": "Incident Reference",
                  "type": "string",
                  "x-ms-dynamically-added": true,
                  "description": "Incident Reference",
                  "x-ms-content-hint": "TEXT"
                }
              },
              "required": [
                "text"
              ]
            }
          },
          "metadata": {
            "operationMetadataId": "57b7221e-c1e7-4ef5-968f-cfda74e89434"
          }
        }
      },
      "actions": {
        "var_Total": {
          "type": "InitializeVariable",
          "inputs": {
            "variables": [
              {
                "name": "ArrayTotal",
                "type": "float",
                "value": 0
              }
            ]
          },
          "runAfter": {},
          "metadata": {
            "operationMetadataId": "77b5831f-7f16-48e6-9a65-9097371121c8"
          }
        },
        "var_Incident": {
          "type": "InitializeVariable",
          "inputs": {
            "variables": [
              {
                "name": "Incident Reference",
                "type": "string"
              }
            ]
          },
          "runAfter": {
            "var_Temp_Total": [
              "Succeeded"
            ]
          },
          "metadata": {
            "operationMetadataId": "0ff86e47-61c6-4e38-b46e-e9aec114ab98"
          }
        },
        "Var_Transaction_Date": {
          "type": "InitializeVariable",
          "inputs": {
            "variables": [
              {
                "name": "Transaction Date",
                "type": "string"
              }
            ]
          },
          "runAfter": {
            "var_Incident": [
              "Succeeded"
            ]
          },
          "metadata": {
            "operationMetadataId": "58f4747e-7c56-4563-8267-a13379f917d1"
          }
        },
        "var_Temp_Total": {
          "type": "InitializeVariable",
          "inputs": {
            "variables": [
              {
                "name": "TempArrayTotal",
                "type": "float",
                "value": 0
              }
            ]
          },
          "runAfter": {
            "var_Total": [
              "Succeeded"
            ]
          },
          "metadata": {
            "operationMetadataId": "4a98f328-fb4b-43bb-a4f8-6a3715f0a97c"
          }
        },
        "Condition": {
          "type": "If",
          "expression": {
            "greater": [
              "@outputs('Compose_2')",
              0
            ]
          },
          "actions": {
            "Apply_to_each": {
              "type": "Foreach",
              "foreach": "@body('Filter_array')",
              "actions": {
                "Set_Incident": {
                  "type": "SetVariable",
                  "inputs": {
                    "name": "Incident Reference",
                    "value": "@items('Apply_to_each')?['cr3ff_incidentreference']"
                  },
                  "runAfter": {
                    "Set_variable_2": [
                      "Succeeded"
                    ]
                  },
                  "metadata": {
                    "operationMetadataId": "b760891e-8c12-44f2-af15-43ecbe09d1cb"
                  }
                },
                "Set_Transaction_Date": {
                  "type": "SetVariable",
                  "inputs": {
                    "name": "Transaction Date",
                    "value": "@items('Apply_to_each')?['cr3ff_transactiondate']"
                  },
                  "runAfter": {
                    "Set_Incident": [
                      "Succeeded"
                    ]
                  },
                  "metadata": {
                    "operationMetadataId": "5a33f47a-169c-476a-a812-8f0aa39f9ee5"
                  }
                },
                "Set_Temp_Total": {
                  "type": "SetVariable",
                  "inputs": {
                    "name": "TempArrayTotal",
                    "value": "@add(items('Apply_to_each')?['cr3ff_netamount'],variables('ArrayTotal'))"
                  },
                  "metadata": {
                    "operationMetadataId": "732a7267-b5bb-4adc-b388-2a0a24b05b0a"
                  }
                },
                "Set_variable_2": {
                  "type": "SetVariable",
                  "inputs": {
                    "name": "ArrayTotal",
                    "value": "@variables('TempArrayTotal')"
                  },
                  "runAfter": {
                    "Set_Temp_Total": [
                      "Succeeded"
                    ]
                  },
                  "metadata": {
                    "operationMetadataId": "932ff951-c441-433d-8095-bb60ae57a730"
                  }
                },
                "Add_a_new_row_2": {
                  "type": "OpenApiConnection",
                  "inputs": {
                    "parameters": {
                      "entityName": "cr3ff_be_incident_transactions",
                      "item/cr3ff_incidentreference": "@variables('Incident Reference')",
                      "item/cr3ff_transactiondate": "@variables('Transaction Date')",
                      "item/cr3ff_transactionname": "First Party Excess",
                      "item/cr3ff_transactionvalue": "@variables('ArrayTotal')"
                    },
                    "host": {
                      "apiId": "/providers/Microsoft.PowerApps/apis/shared_commondataserviceforapps",
                      "operationId": "CreateRecord",
                      "connectionName": "shared_commondataserviceforapps"
                    }
                  },
                  "runAfter": {
                    "Set_Transaction_Date": [
                      "Succeeded"
                    ]
                  },
                  "metadata": {
                    "operationMetadataId": "9e929c98-e50e-46f2-9496-4261373bbb8f"
                  }
                }
              },
              "metadata": {
                "operationMetadataId": "43136a23-8e43-4e4b-9be5-51673ce90dbe"
              }
            },
            "Response": {
              "type": "Response",
              "kind": "Http",
              "inputs": {
                "statusCode": 200
              },
              "runAfter": {
                "Apply_to_each": [
                  "SUCCEEDED"
                ]
              },
              "metadata": {
                "operationMetadataId": "17be09df-2f6c-48b0-ab9d-3a429cb280a0"
              }
            }
          },
          "else": {
            "actions": {
              "Response_No_Excess": {
                "type": "Response",
                "kind": "Http",
                "inputs": {
                  "statusCode": 200,
                  "body": "No Excess"
                },
                "metadata": {
                  "operationMetadataId": "8107ee03-794b-4090-b632-a206eb503596"
                }
              }
            }
          },
          "runAfter": {
            "Compose_2": [
              "Succeeded"
            ]
          },
          "metadata": {
            "operationMetadataId": "92f74700-084f-41ca-a145-080ce61cdff0"
          }
        },
        "List_rows": {
          "type": "OpenApiConnection",
          "inputs": {
            "parameters": {
              "entityName": "cr3ff_be_incidents",
              "$filter": "cr3ff_incidentreference eq '@{triggerBody()['text']}' and cr3ff_transactiontrackingstatus eq 'Authorised' and cr3ff_ledgertransactiondocumentname eq 'First Party Network Repair Payment' "
            },
            "host": {
              "apiId": "/providers/Microsoft.PowerApps/apis/shared_commondataserviceforapps",
              "operationId": "ListRecords",
              "connectionName": "shared_commondataserviceforapps"
            }
          },
          "runAfter": {
            "Var_Transaction_Date": [
              "Succeeded"
            ]
          },
          "metadata": {
            "operationMetadataId": "93f99232-be97-4269-910c-09abaf6ac866"
          }
        },
        "Filter_array": {
          "type": "Query",
          "inputs": {
            "from": "@outputs('List_rows')?['body/value']",
            "where": "@equals(item()?['cr3ff_ledgeraccountname'], 'First Party Excess')"
          },
          "runAfter": {
            "List_rows": [
              "Succeeded"
            ]
          },
          "metadata": {
            "operationMetadataId": "9e89a794-a969-48c1-ac39-eb89cc23bc08"
          }
        },
        "Compose_2": {
          "type": "Compose",
          "inputs": "@length(body('Filter_array'))",
          "runAfter": {
            "Filter_array": [
              "Succeeded"
            ]
          },
          "metadata": {
            "operationMetadataId": "a62f6685-5453-4a39-8a7b-176b8b2b84a7"
          }
        }
      }
    },
    "templateName": null
  },
  "schemaVersion": "1.0.0.0"
}