{
  "properties": {
    "connectionReferences": {
      "shared_commondataserviceforapps": {
        "runtimeSource": "embedded",
        "connection": {
          "connectionReferenceLogicalName": "new_sharedcommondataserviceforapps_8e21e"
        },
        "api": {
          "name": "shared_commondataserviceforapps"
        }
      }
    },
    "definition": {
      "$schema": "https://schema.management.azure.com/providers/Microsoft.Logic/schemas/2016-06-01/workflowdefinition.json#",
      "contentVersion": "1.0.0.0",
      "parameters": {
        "$connections": {
          "defaultValue": {},
          "type": "Object"
        },
        "$authentication": {
          "defaultValue": {},
          "type": "SecureObject"
        }
      },
      "triggers": {
        "manual": {
          "metadata": {
            "operationMetadataId": "57b7221e-c1e7-4ef5-968f-cfda74e89434"
          },
          "type": "Request",
          "kind": "Button",
          "inputs": {
            "schema": {
              "type": "object",
              "properties": {
                "text": {
                  "title": "Incident Reference",
                  "type": "string",
                  "x-ms-dynamically-added": true,
                  "description": "Incident Reference",
                  "x-ms-content-hint": "TEXT"
                }
              },
              "required": [
                "text"
              ]
            }
          }
        }
      },
      "actions": {
        "List_rows": {
          "runAfter": {},
          "metadata": {
            "operationMetadataId": "93f99232-be97-4269-910c-09abaf6ac866"
          },
          "type": "OpenApiConnection",
          "inputs": {
            "host": {
              "connectionName": "shared_commondataserviceforapps",
              "operationId": "ListRecords",
              "apiId": "/providers/Microsoft.PowerApps/apis/shared_commondataserviceforapps"
            },
            "parameters": {
              "entityName": "cr3ff_be_incidents",
              "$filter": "cr3ff_incidentreference eq '@{triggerBody()['text']}' and cr3ff_transactiontrackingstatus eq 'Authorised' and cr3ff_ledgertransactiondocumentname eq 'First Party Network Repair Payment' and cr3ff_ledgeraccountname ne 'First Party Excess' and cr3ff_ledgeraccountcode ne 600 and  cr3ff_ledgeraccountcode ne 200 "
            },
            "authentication": {
              "type": "Raw",
              "value": "@json(decodeBase64(triggerOutputs().headers['X-MS-APIM-Tokens']))['$ConnectionKey']"
            }
          }
        },
        "Apply_to_each": {
          "foreach": "@outputs('List_rows')?['body/value']",
          "actions": {
            "Set_Incident": {
              "runAfter": {
                "Set_variable_2": [
                  "Succeeded"
                ]
              },
              "metadata": {
                "operationMetadataId": "b760891e-8c12-44f2-af15-43ecbe09d1cb"
              },
              "type": "SetVariable",
              "inputs": {
                "name": "Incident Reference",
                "value": "@items('Apply_to_each')?['cr3ff_incidentreference']"
              }
            },
            "Set_Transaction_Date": {
              "runAfter": {
                "Set_Incident": [
                  "Succeeded"
                ]
              },
              "metadata": {
                "operationMetadataId": "5a33f47a-169c-476a-a812-8f0aa39f9ee5"
              },
              "type": "SetVariable",
              "inputs": {
                "name": "Transaction Date",
                "value": "@items('Apply_to_each')?['cr3ff_transactiondate']"
              }
            },
            "Set_Temp_Total": {
              "runAfter": {},
              "metadata": {
                "operationMetadataId": "732a7267-b5bb-4adc-b388-2a0a24b05b0a"
              },
              "type": "SetVariable",
              "inputs": {
                "name": "TempArrayTotal",
                "value": "@add(items('Apply_to_each')?['cr3ff_netamount'],variables('ArrayTotal'))"
              }
            },
            "Set_variable_2": {
              "runAfter": {
                "Set_Temp_Total": [
                  "Succeeded"
                ]
              },
              "metadata": {
                "operationMetadataId": "932ff951-c441-433d-8095-bb60ae57a730"
              },
              "type": "SetVariable",
              "inputs": {
                "name": "ArrayTotal",
                "value": "@variables('TempArrayTotal')"
              }
            }
          },
          "runAfter": {
            "Var_Transaction_Date": [
              "Succeeded"
            ]
          },
          "metadata": {
            "operationMetadataId": "43136a23-8e43-4e4b-9be5-51673ce90dbe"
          },
          "type": "Foreach"
        },
        "var_Total": {
          "runAfter": {
            "List_rows": [
              "Succeeded"
            ]
          },
          "metadata": {
            "operationMetadataId": "77b5831f-7f16-48e6-9a65-9097371121c8"
          },
          "type": "InitializeVariable",
          "inputs": {
            "variables": [
              {
                "name": "ArrayTotal",
                "type": "float",
                "value": 0
              }
            ]
          }
        },
        "var_Incident": {
          "runAfter": {
            "var_Temp_Total": [
              "Succeeded"
            ]
          },
          "metadata": {
            "operationMetadataId": "0ff86e47-61c6-4e38-b46e-e9aec114ab98"
          },
          "type": "InitializeVariable",
          "inputs": {
            "variables": [
              {
                "name": "Incident Reference",
                "type": "string"
              }
            ]
          }
        },
        "Add_a_new_row_2": {
          "runAfter": {
            "Apply_to_each": [
              "Succeeded"
            ]
          },
          "metadata": {
            "operationMetadataId": "9e929c98-e50e-46f2-9496-4261373bbb8f"
          },
          "type": "OpenApiConnection",
          "inputs": {
            "host": {
              "connectionName": "shared_commondataserviceforapps",
              "operationId": "CreateRecord",
              "apiId": "/providers/Microsoft.PowerApps/apis/shared_commondataserviceforapps"
            },
            "parameters": {
              "entityName": "cr3ff_be_incident_transactions",
              "item/cr3ff_incidentreference": "@variables('Incident Reference')",
              "item/cr3ff_transactiondate": "@variables('Transaction Date')",
              "item/cr3ff_transactionname": "Non Specialist Fees",
              "item/cr3ff_transactionvalue": "@variables('ArrayTotal')"
            },
            "authentication": {
              "type": "Raw",
              "value": "@json(decodeBase64(triggerOutputs().headers['X-MS-APIM-Tokens']))['$ConnectionKey']"
            }
          }
        },
        "Var_Transaction_Date": {
          "runAfter": {
            "var_Incident": [
              "Succeeded"
            ]
          },
          "metadata": {
            "operationMetadataId": "58f4747e-7c56-4563-8267-a13379f917d1"
          },
          "type": "InitializeVariable",
          "inputs": {
            "variables": [
              {
                "name": "Transaction Date",
                "type": "string"
              }
            ]
          }
        },
        "var_Temp_Total": {
          "runAfter": {
            "var_Total": [
              "Succeeded"
            ]
          },
          "metadata": {
            "operationMetadataId": "4a98f328-fb4b-43bb-a4f8-6a3715f0a97c"
          },
          "type": "InitializeVariable",
          "inputs": {
            "variables": [
              {
                "name": "TempArrayTotal",
                "type": "float",
                "value": 0
              }
            ]
          }
        },
        "Response": {
          "runAfter": {
            "Add_a_new_row_2": [
              "Succeeded"
            ]
          },
          "metadata": {
            "operationMetadataId": "0998b5e9-d693-4dac-b756-c1baf2efa624"
          },
          "type": "Response",
          "kind": "Http",
          "inputs": {
            "statusCode": 200
          }
        }
      }
    },
    "templateName": ""
  },
  "schemaVersion": "1.0.0.0"
}