<ImportExportXml version="9.2.24063.164" SolutionPackageVersion="9.2" languagecode="1033" generatedBy="CrmLive" xmlns:xsi="http://www.w3.org/2001/XMLSchema-instance">
  <SolutionManifest>
    <UniqueName>BillingEngine</UniqueName>
    <LocalizedNames>
      <LocalizedName description="Billing Engine" languagecode="1033" />
    </LocalizedNames>
    <Descriptions />
    <Version>1.0.0.11</Version>
    <Managed>0</Managed>
    <Publisher>
      <UniqueName>DefaultPublisherorg5c2c4b9c</UniqueName>
      <LocalizedNames>
        <LocalizedName description="Default Publisher for org5c2c4b9c" languagecode="1033" />
      </LocalizedNames>
      <Descriptions>
        <Description description="Default publisher for this organization" languagecode="1033" />
      </Descriptions>
      <EMailAddress xsi:nil="true"></EMailAddress>
      <SupportingWebsiteUrl xsi:nil="true"></SupportingWebsiteUrl>
      <CustomizationPrefix>new</CustomizationPrefix>
      <CustomizationOptionValuePrefix>10000</CustomizationOptionValuePrefix>
      <Addresses>
        <Address>
          <AddressNumber>1</AddressNumber>
          <AddressTypeCode xsi:nil="true"></AddressTypeCode>
          <City xsi:nil="true"></City>
          <County xsi:nil="true"></County>
          <Country xsi:nil="true"></Country>
          <Fax xsi:nil="true"></Fax>
          <FreightTermsCode xsi:nil="true"></FreightTermsCode>
          <ImportSequenceNumber xsi:nil="true"></ImportSequenceNumber>
          <Latitude xsi:nil="true"></Latitude>
          <Line1 xsi:nil="true"></Line1>
          <Line2 xsi:nil="true"></Line2>
          <Line3 xsi:nil="true"></Line3>
          <Longitude xsi:nil="true"></Longitude>
          <Name xsi:nil="true"></Name>
          <PostalCode xsi:nil="true"></PostalCode>
          <PostOfficeBox xsi:nil="true"></PostOfficeBox>
          <PrimaryContactName xsi:nil="true"></PrimaryContactName>
          <ShippingMethodCode xsi:nil="true"></ShippingMethodCode>
          <StateOrProvince xsi:nil="true"></StateOrProvince>
          <Telephone1 xsi:nil="true"></Telephone1>
          <Telephone2 xsi:nil="true"></Telephone2>
          <Telephone3 xsi:nil="true"></Telephone3>
          <TimeZoneRuleVersionNumber xsi:nil="true"></TimeZoneRuleVersionNumber>
          <UPSZone xsi:nil="true"></UPSZone>
          <UTCOffset xsi:nil="true"></UTCOffset>
          <UTCConversionTimeZoneCode xsi:nil="true"></UTCConversionTimeZoneCode>
        </Address>
        <Address>
          <AddressNumber>2</AddressNumber>
          <AddressTypeCode xsi:nil="true"></AddressTypeCode>
          <City xsi:nil="true"></City>
          <County xsi:nil="true"></County>
          <Country xsi:nil="true"></Country>
          <Fax xsi:nil="true"></Fax>
          <FreightTermsCode xsi:nil="true"></FreightTermsCode>
          <ImportSequenceNumber xsi:nil="true"></ImportSequenceNumber>
          <Latitude xsi:nil="true"></Latitude>
          <Line1 xsi:nil="true"></Line1>
          <Line2 xsi:nil="true"></Line2>
          <Line3 xsi:nil="true"></Line3>
          <Longitude xsi:nil="true"></Longitude>
          <Name xsi:nil="true"></Name>
          <PostalCode xsi:nil="true"></PostalCode>
          <PostOfficeBox xsi:nil="true"></PostOfficeBox>
          <PrimaryContactName xsi:nil="true"></PrimaryContactName>
          <ShippingMethodCode xsi:nil="true"></ShippingMethodCode>
          <StateOrProvince xsi:nil="true"></StateOrProvince>
          <Telephone1 xsi:nil="true"></Telephone1>
          <Telephone2 xsi:nil="true"></Telephone2>
          <Telephone3 xsi:nil="true"></Telephone3>
          <TimeZoneRuleVersionNumber xsi:nil="true"></TimeZoneRuleVersionNumber>
          <UPSZone xsi:nil="true"></UPSZone>
          <UTCOffset xsi:nil="true"></UTCOffset>
          <UTCConversionTimeZoneCode xsi:nil="true"></UTCConversionTimeZoneCode>
        </Address>
      </Addresses>
    </Publisher>
    <RootComponents>
      <RootComponent type="1" schemaName="cr3ff_be_activity" behavior="0" />
      <RootComponent type="1" schemaName="cr3ff_be_customer" behavior="0" />
      <RootComponent type="1" schemaName="cr3ff_be_customer_fees" behavior="0" />
      <RootComponent type="1" schemaName="cr3ff_be_event" behavior="0" />
      <RootComponent type="1" schemaName="cr3ff_be_event_invoice" behavior="0" />
      <RootComponent type="1" schemaName="cr3ff_be_execution" behavior="0" />
      <RootComponent type="1" schemaName="cr3ff_be_fee" behavior="0" />
      <RootComponent type="1" schemaName="cr3ff_be_incident" behavior="0" />
      <RootComponent type="1" schemaName="cr3ff_be_incident_header" behavior="0" />
      <RootComponent type="1" schemaName="cr3ff_be_incident_object" behavior="0" />
      <RootComponent type="1" schemaName="cr3ff_be_incident_transaction" behavior="0" />
      <RootComponent type="1" schemaName="cr3ff_be_invoice" behavior="0" />
      <RootComponent type="1" schemaName="cr3ff_be_invoiceitem" behavior="0" />
      <RootComponent type="1" schemaName="cr3ff_be_serviceprovider" behavior="0" />
      <RootComponent type="1" schemaName="cr3ff_be_serviceprovider_configurations" behavior="0" />
      <RootComponent type="1" schemaName="new_be_email" behavior="0" />
      <RootComponent type="29" id="{497c7f87-d318-ef11-9f89-6045bd0cd1f1}" behavior="0" />
      <RootComponent type="29" id="{527a45db-c811-ef11-9f89-6045bd0df8c6}" behavior="0" />
      <RootComponent type="29" id="{547a45db-c811-ef11-9f89-6045bd0df8c6}" behavior="0" />
      <RootComponent type="29" id="{5587f052-0f29-ef11-840a-002248c64c1d}" behavior="0" />
      <RootComponent type="29" id="{5687f052-0f29-ef11-840a-002248c64c1d}" behavior="0" />
      <RootComponent type="29" id="{7ec081d6-ca24-ef11-840a-6045bd0cc81c}" behavior="0" />
      <RootComponent type="29" id="{9a5c95b7-ea24-ef11-840a-6045bd0cc81c}" behavior="0" />
      <RootComponent type="29" id="{9cf8f07f-d318-ef11-9f89-6045bd0cd1f1}" behavior="0" />
      <RootComponent type="29" id="{9ef8f07f-d318-ef11-9f89-6045bd0cd1f1}" behavior="0" />
      <RootComponent type="29" id="{9ff8f07f-d318-ef11-9f89-6045bd0cd1f1}" behavior="0" />
      <RootComponent type="29" id="{b698f028-ea24-ef11-840a-6045bd0cc81c}" behavior="0" />
      <RootComponent type="29" id="{d89574a6-0622-ef11-840a-6045bd0cd1f1}" behavior="0" />
      <RootComponent type="29" id="{f858bb52-4922-ef11-840a-6045bd0cd1f1}" behavior="0" />
      <RootComponent type="300" schemaName="new_billingengine_f8919" behavior="0" />
    </RootComponents>
    <MissingDependencies />
  </SolutionManifest>
</ImportExportXml>